file_ID,author,lab,label,particle_type,run_oldID,setup,phi (-),d (m),rho_p (kg/m3),v_s (m/s),alpha (deg.),rho_a (kg/m3),rho_f (kg/m3),nu_f (kg/(m.s)),nu_a (kg/(m.s)),T_a (deg. celsius),T_f (deg. celsius),L0 (m),W0 (m),H0 (m),H_a (m),L_1 (m),vs (m/s),rho_c (kg/m3),gprime (m/s2),u0 (m/s),a (-),Re (-),At (-),St (-),Fr (-),L (-)


run_000.nc,Cyril,IMFT,run_000.nc,silica sand,sand80m_H19 -- run01,IMFT,2.965e-02,1.161e-04,2.650e+03,7.400e-03,7.240e+00,9.970e+02,9.970e+02,nan,nan,2.000e+01,2.000e+01,9.900e-02,1.940e-01,2.021e-01,nan,nan,1.213e-02,1.046e+03,4.822e-01,3.122e-01,2.042e+00,6.600e+04,4.916e-02,3.887e-02,4.027e-01,1.369e-04
run_001.nc,Cyril,IMFT,run_001.nc,silica sand,sand80m_H19 -- run02,IMFT,1.167e-02,1.161e-04,2.650e+03,7.400e-03,7.240e+00,9.970e+02,9.970e+02,nan,nan,2.000e+01,2.000e+01,9.900e-02,1.940e-01,2.021e-01,nan,nan,1.213e-02,1.016e+03,1.897e-01,1.958e-01,2.042e+00,4.022e+04,1.934e-02,6.196e-02,4.312e-01,2.611e-03
run_002.nc,Cyril,IMFT,run_002.nc,silica sand,sand80m_H19 -- run03,IMFT,6.416e-02,1.161e-04,2.650e+03,7.400e-03,7.240e+00,9.970e+02,9.970e+02,nan,nan,2.000e+01,2.000e+01,9.900e-02,1.940e-01,2.021e-01,nan,nan,1.213e-02,1.103e+03,1.044e+00,4.593e-01,2.042e+00,1.024e+05,1.064e-01,2.642e-02,3.996e-01,-1.055e-03
run_003.nc,Cyril,IMFT,run_003.nc,silica sand,sand80m_H19 -- run04,IMFT,1.264e-01,1.161e-04,2.650e+03,7.400e-03,7.240e+00,9.970e+02,9.970e+02,nan,nan,2.000e+01,2.000e+01,9.900e-02,1.940e-01,2.021e-01,nan,nan,1.213e-02,1.206e+03,2.055e+00,6.445e-01,2.042e+00,1.571e+05,2.095e-01,1.883e-02,3.871e-01,-2.465e-03
run_004.nc,Cyril,IMFT,run_004.nc,silica sand,sand80m_H19 -- run05,IMFT,9.721e-02,1.161e-04,2.650e+03,7.400e-03,7.240e+00,9.970e+02,9.970e+02,nan,nan,2.000e+01,2.000e+01,9.900e-02,1.940e-01,2.021e-01,nan,nan,1.213e-02,1.158e+03,1.581e+00,5.653e-01,2.042e+00,1.323e+05,1.612e-01,2.146e-02,3.968e-01,-2.955e-03
run_005.nc,Cyril,IMFT,run_005.nc,silica sand,sand80m_H19 -- run06,IMFT,2.916e-02,1.161e-04,2.650e+03,7.400e-03,7.240e+00,9.970e+02,9.970e+02,nan,nan,2.000e+01,2.000e+01,9.900e-02,1.940e-01,2.021e-01,nan,nan,1.213e-02,1.045e+03,4.743e-01,3.096e-01,2.042e+00,6.541e+04,4.835e-02,3.919e-02,3.700e-01,-2.032e-03
run_006.nc,Cyril,IMFT,run_006.nc,silica sand,sand80m_H19 -- run07,IMFT,8.749e-03,1.161e-04,2.650e+03,7.400e-03,7.240e+00,9.970e+02,9.970e+02,nan,nan,2.000e+01,2.000e+01,9.900e-02,1.940e-01,2.021e-01,nan,nan,1.213e-02,1.011e+03,1.423e-01,1.696e-01,2.042e+00,3.467e+04,1.451e-02,7.155e-02,4.319e-01,3.715e-03
run_007.nc,Cyril,IMFT,run_007.nc,silica sand,sand80m_H19 -- run08,IMFT,7.971e-02,1.161e-04,2.650e+03,7.400e-03,7.240e+00,9.970e+02,9.970e+02,nan,nan,2.000e+01,2.000e+01,9.900e-02,1.940e-01,2.021e-01,nan,nan,1.213e-02,1.129e+03,1.297e+00,5.119e-01,2.042e+00,1.168e+05,1.322e-01,2.370e-02,3.600e-01,-5.279e-03
run_008.nc,Cyril,IMFT,run_008.nc,silica sand,sand80m_H19 -- run09,IMFT,4.083e-02,1.161e-04,2.650e+03,7.400e-03,7.240e+00,9.970e+02,9.970e+02,nan,nan,2.000e+01,2.000e+01,9.900e-02,1.940e-01,2.021e-01,nan,nan,1.213e-02,1.064e+03,6.641e-01,3.664e-01,2.042e+00,7.882e+04,6.769e-02,3.312e-02,3.978e-01,-1.759e-03
run_009.nc,Cyril,IMFT,run_009.nc,silica sand,sand80m_H19 -- run10,IMFT,2.916e-02,1.161e-04,2.650e+03,7.400e-03,7.240e+00,9.970e+02,9.970e+02,nan,nan,2.000e+01,2.000e+01,9.900e-02,1.940e-01,2.021e-01,nan,nan,1.213e-02,1.045e+03,4.743e-01,3.096e-01,2.042e+00,6.541e+04,4.835e-02,3.919e-02,3.715e-01,-2.042e-03
run_010.nc,Cyril,IMFT,run_010.nc,silica sand,sand80m_H19 -- run11,IMFT,8.749e-03,1.161e-04,2.650e+03,7.400e-03,7.240e+00,9.970e+02,9.970e+02,nan,nan,2.000e+01,2.000e+01,9.900e-02,1.940e-01,2.021e-01,nan,nan,1.213e-02,1.011e+03,1.423e-01,1.696e-01,2.042e+00,3.467e+04,1.451e-02,7.155e-02,4.329e-01,5.157e-03
run_011.nc,Cyril,IMFT,run_011.nc,silica sand,sand80m_H19 -- run12,IMFT,6.805e-03,1.161e-04,2.650e+03,7.400e-03,7.240e+00,9.970e+02,9.970e+02,nan,nan,2.000e+01,2.000e+01,9.900e-02,1.940e-01,2.021e-01,nan,nan,1.213e-02,1.008e+03,1.107e-01,1.496e-01,2.042e+00,3.048e+04,1.128e-02,8.113e-02,4.337e-01,6.502e-03
run_012.nc,Cyril,IMFT,run_012.nc,silica sand,sand80m_H19 -- run13,IMFT,4.861e-03,1.161e-04,2.650e+03,7.400e-03,7.240e+00,9.970e+02,9.970e+02,nan,nan,2.000e+01,2.000e+01,9.900e-02,1.940e-01,2.021e-01,nan,nan,1.213e-02,1.005e+03,7.906e-02,1.264e-01,2.042e+00,2.568e+04,8.059e-03,9.599e-02,4.379e-01,7.028e-03
run_013.nc,Cyril,IMFT,run_013.nc,silica sand,sand80m_H19 -- run14,IMFT,2.430e-03,1.161e-04,2.650e+03,7.400e-03,7.240e+00,9.970e+02,9.970e+02,nan,nan,2.000e+01,2.000e+01,9.900e-02,1.940e-01,2.021e-01,nan,nan,1.213e-02,1.001e+03,3.953e-02,8.938e-02,2.042e+00,1.808e+04,4.029e-03,1.358e-01,4.102e-01,1.187e-02
run_014.nc,Cyril,IMFT,run_014.nc,silica sand,sand80m_H19 -- run15,IMFT,1.555e-01,1.161e-04,2.650e+03,7.400e-03,7.240e+00,9.970e+02,9.970e+02,nan,nan,2.000e+01,2.000e+01,9.900e-02,1.940e-01,2.021e-01,nan,nan,1.213e-02,1.254e+03,2.530e+00,7.151e-01,2.042e+00,1.812e+05,2.579e-01,1.697e-02,3.875e-01,-4.188e-03
run_015.nc,Cyril,IMFT,run_015.nc,silica sand,sand80m_H19 -- run16,IMFT,9.721e-02,1.161e-04,2.650e+03,7.400e-03,7.240e+00,9.970e+02,9.970e+02,nan,nan,2.000e+01,2.000e+01,9.900e-02,1.940e-01,2.021e-01,nan,nan,1.213e-02,1.158e+03,1.581e+00,5.653e-01,2.042e+00,1.323e+05,1.612e-01,2.146e-02,4.529e-01,-1.080e-03
run_016.nc,Cyril,IMFT,run_016.nc,silica sand,sand80m_H19 -- run17,IMFT,9.721e-02,1.161e-04,2.650e+03,7.400e-03,7.240e+00,9.970e+02,9.970e+02,nan,nan,2.000e+01,2.000e+01,9.900e-02,1.940e-01,2.021e-01,nan,nan,1.213e-02,1.158e+03,1.581e+00,5.653e-01,2.042e+00,1.323e+05,1.612e-01,2.146e-02,4.074e-01,-1.324e-03
run_017.nc,Cyril,IMFT,run_017.nc,silica sand,sand80m_H19 -- run18,IMFT,2.090e-02,1.161e-04,2.650e+03,7.400e-03,7.240e+00,9.970e+02,9.970e+02,nan,nan,2.000e+01,2.000e+01,9.900e-02,1.940e-01,2.021e-01,nan,nan,1.213e-02,1.032e+03,3.399e-01,2.621e-01,2.042e+00,5.465e+04,3.465e-02,4.629e-02,3.753e-01,-8.303e-04
run_018.nc,Cyril,IMFT,run_018.nc,silica sand,sand80m_H19 -- run19,IMFT,4.861e-03,1.161e-04,2.650e+03,7.400e-03,7.240e+00,9.970e+02,9.970e+02,nan,nan,2.000e+01,2.000e+01,9.900e-02,1.940e-01,2.021e-01,nan,nan,1.213e-02,1.005e+03,7.906e-02,1.264e-01,2.042e+00,2.568e+04,8.059e-03,9.599e-02,3.857e-01,4.956e-03
run_019.nc,Cyril,IMFT,run_019.nc,silica sand,sand80m_H19 -- run20,IMFT,2.994e-01,1.161e-04,2.650e+03,7.400e-03,7.240e+00,9.970e+02,9.970e+02,nan,nan,2.000e+01,2.000e+01,9.900e-02,1.940e-01,2.021e-01,nan,nan,1.213e-02,1.492e+03,4.870e+00,9.921e-01,2.042e+00,2.992e+05,4.964e-01,1.223e-02,4.259e-01,-2.392e-03
run_020.nc,Cyril,IMFT,run_020.nc,glass beads,silibeads200m_300m -- run01,IMFT,2.916e-02,2.500e-04,2.650e+03,3.185e-02,7.240e+00,9.970e+02,9.970e+02,nan,nan,2.000e+01,2.000e+01,9.900e-02,1.940e-01,2.021e-01,nan,nan,5.631e-02,1.045e+03,4.743e-01,3.096e-01,2.042e+00,6.541e+04,4.835e-02,1.818e-01,4.063e-01,1.747e-02
run_021.nc,Cyril,IMFT,run_021.nc,glass beads,silibeads200m_300m -- run02,IMFT,2.916e-02,2.500e-04,2.650e+03,3.185e-02,7.240e+00,9.970e+02,9.970e+02,nan,nan,2.000e+01,2.000e+01,9.900e-02,1.940e-01,2.021e-01,nan,nan,5.631e-02,1.045e+03,4.743e-01,3.096e-01,2.042e+00,6.541e+04,4.835e-02,1.818e-01,3.618e-01,1.156e-02
run_022.nc,Cyril,IMFT,run_022.nc,glass beads,silibeads200m_300m -- run03,IMFT,2.916e-02,2.500e-04,2.650e+03,3.185e-02,7.240e+00,9.970e+02,9.970e+02,nan,nan,2.000e+01,2.000e+01,9.900e-02,1.940e-01,2.021e-01,nan,nan,5.631e-02,1.045e+03,4.743e-01,3.096e-01,2.042e+00,6.541e+04,4.835e-02,1.818e-01,3.703e-01,1.462e-02
run_023.nc,Cyril,IMFT,run_023.nc,glass beads,silibeads200m_300m -- run04,IMFT,9.721e-02,2.500e-04,2.650e+03,3.185e-02,7.240e+00,9.970e+02,9.970e+02,nan,nan,2.000e+01,2.000e+01,9.900e-02,1.940e-01,2.021e-01,nan,nan,5.631e-02,1.158e+03,1.581e+00,5.653e-01,2.042e+00,1.323e+05,1.612e-01,9.960e-02,5.231e-01,1.652e-02
run_024.nc,Cyril,IMFT,run_024.nc,glass beads,silibeads200m_300m -- run05,IMFT,8.749e-03,2.500e-04,2.650e+03,3.185e-02,7.240e+00,9.970e+02,9.970e+02,nan,nan,2.000e+01,2.000e+01,9.900e-02,1.940e-01,2.021e-01,nan,nan,5.631e-02,1.011e+03,1.423e-01,1.696e-01,2.042e+00,3.467e+04,1.451e-02,3.320e-01,3.823e-01,2.725e-02
run_025.nc,Cyril,IMFT,run_025.nc,silica sand,Slope1 -- manip01,IMFT,2.944e-02,1.161e-04,2.650e+03,7.400e-03,8.900e-01,9.980e+02,9.980e+02,nan,nan,2.000e+01,2.000e+01,9.900e-02,1.940e-01,2.036e-01,nan,nan,1.213e-02,1.047e+03,4.780e-01,3.119e-01,2.056e+00,6.647e+04,4.873e-02,3.887e-02,4.227e-01,4.934e-03
run_026.nc,Cyril,IMFT,run_026.nc,silica sand,Slope1 -- manip02,IMFT,4.053e-02,1.161e-04,2.650e+03,7.400e-03,8.900e-01,9.980e+02,9.980e+02,nan,nan,2.000e+01,2.000e+01,9.900e-02,1.940e-01,2.036e-01,nan,nan,1.213e-02,1.065e+03,6.582e-01,3.661e-01,2.056e+00,7.937e+04,6.710e-02,3.313e-02,3.186e-01,-1.167e-03
run_027.nc,Cyril,IMFT,run_027.nc,silica sand,Slope1 -- manip03,IMFT,2.075e-02,1.161e-04,2.650e+03,7.400e-03,8.900e-01,9.980e+02,9.980e+02,nan,nan,2.000e+01,2.000e+01,9.900e-02,1.940e-01,2.036e-01,nan,nan,1.213e-02,1.032e+03,3.369e-01,2.619e-01,2.056e+00,5.504e+04,3.435e-02,4.630e-02,3.592e-01,9.884e-04
run_028.nc,Cyril,IMFT,run_028.nc,silica sand,Slope1 -- manip04,IMFT,5.019e-02,1.161e-04,2.650e+03,7.400e-03,8.900e-01,9.980e+02,9.980e+02,nan,nan,2.000e+01,2.000e+01,9.900e-02,1.940e-01,2.036e-01,nan,nan,1.213e-02,1.081e+03,8.149e-01,4.073e-01,2.056e+00,8.963e+04,8.307e-02,2.977e-02,3.714e-01,2.393e-04
run_029.nc,Cyril,IMFT,run_029.nc,silica sand,Slope1 -- manip05,IMFT,6.370e-02,1.161e-04,2.650e+03,7.400e-03,8.900e-01,9.980e+02,9.980e+02,nan,nan,2.000e+01,2.000e+01,9.900e-02,1.940e-01,2.036e-01,nan,nan,1.213e-02,1.103e+03,1.034e+00,4.589e-01,2.056e+00,1.031e+05,1.054e-01,2.643e-02,4.077e-01,3.742e-03
run_030.nc,Cyril,IMFT,run_030.nc,silica sand,Slope1 -- manip06,IMFT,1.448e-02,1.161e-04,2.650e+03,7.400e-03,8.900e-01,9.980e+02,9.980e+02,nan,nan,2.000e+01,2.000e+01,9.900e-02,1.940e-01,2.036e-01,nan,nan,1.213e-02,1.022e+03,2.351e-01,2.188e-01,2.056e+00,4.551e+04,2.396e-02,5.543e-02,3.615e-01,2.052e-03
run_031.nc,Cyril,IMFT,run_031.nc,silica sand,Slope1 -- manip07,IMFT,8.686e-03,1.161e-04,2.650e+03,7.400e-03,8.900e-01,9.980e+02,9.980e+02,nan,nan,2.000e+01,2.000e+01,9.900e-02,1.940e-01,2.036e-01,nan,nan,1.213e-02,1.012e+03,1.410e-01,1.695e-01,2.056e+00,3.492e+04,1.438e-02,7.156e-02,3.934e-01,6.138e-03
run_032.nc,Cyril,IMFT,run_032.nc,silica sand,Slope1 -- manip08,IMFT,7.914e-02,1.161e-04,2.650e+03,7.400e-03,8.900e-01,9.980e+02,9.980e+02,nan,nan,2.000e+01,2.000e+01,9.900e-02,1.940e-01,2.036e-01,nan,nan,1.213e-02,1.129e+03,1.285e+00,5.115e-01,2.056e+00,1.175e+05,1.310e-01,2.371e-02,3.941e-01,2.543e-03
run_033.nc,Cyril,IMFT,run_033.nc,silica sand,Slope1 -- manip09,IMFT,1.013e-01,1.161e-04,2.650e+03,7.400e-03,8.900e-01,9.980e+02,9.980e+02,nan,nan,2.000e+01,2.000e+01,9.900e-02,1.940e-01,2.036e-01,nan,nan,1.213e-02,1.165e+03,1.646e+00,5.788e-01,2.056e+00,1.373e+05,1.677e-01,2.095e-02,4.156e-01,3.053e-03
run_034.nc,Cyril,IMFT,run_034.nc,silica sand,Slope1 -- manip10,IMFT,6.756e-03,1.161e-04,2.650e+03,7.400e-03,8.900e-01,9.980e+02,9.980e+02,nan,nan,2.000e+01,2.000e+01,9.900e-02,1.940e-01,2.036e-01,nan,nan,1.213e-02,1.009e+03,1.097e-01,1.494e-01,2.056e+00,3.070e+04,1.118e-02,8.114e-02,4.216e-01,8.875e-03
run_035.nc,Cyril,IMFT,run_035.nc,silica sand,Slope1 -- manip11,IMFT,1.013e-01,1.161e-04,2.650e+03,7.400e-03,8.900e-01,9.980e+02,9.980e+02,nan,nan,2.000e+01,2.000e+01,9.900e-02,1.940e-01,2.036e-01,nan,nan,1.213e-02,1.165e+03,1.646e+00,5.788e-01,2.056e+00,1.373e+05,1.677e-01,2.095e-02,4.230e-01,2.797e-03
run_036.nc,Cyril,IMFT,run_036.nc,silica sand,Slope1 -- manip12,IMFT,1.013e-01,1.161e-04,2.650e+03,7.400e-03,8.900e-01,9.980e+02,9.980e+02,nan,nan,2.000e+01,2.000e+01,9.900e-02,1.940e-01,2.036e-01,nan,nan,1.213e-02,1.165e+03,1.646e+00,5.788e-01,2.056e+00,1.373e+05,1.677e-01,2.095e-02,4.211e-01,7.272e-03
run_037.nc,Cyril,IMFT,run_037.nc,silica sand,Slope1 -- manip13,IMFT,6.756e-03,1.161e-04,2.650e+03,7.400e-03,8.900e-01,9.980e+02,9.980e+02,nan,nan,2.000e+01,2.000e+01,9.900e-02,1.940e-01,2.036e-01,nan,nan,1.213e-02,1.009e+03,1.097e-01,1.494e-01,2.056e+00,3.070e+04,1.118e-02,8.114e-02,3.702e-01,6.540e-03
run_038.nc,Cyril,IMFT,run_038.nc,silica sand,Slope1 -- manip14,IMFT,6.756e-03,1.161e-04,2.650e+03,7.400e-03,8.900e-01,9.980e+02,9.980e+02,nan,nan,2.000e+01,2.000e+01,9.900e-02,1.940e-01,2.036e-01,nan,nan,1.213e-02,1.009e+03,1.097e-01,1.494e-01,2.056e+00,3.070e+04,1.118e-02,8.114e-02,4.898e-01,1.404e-02
run_039.nc,Cyril,IMFT,run_039.nc,silica sand,Slope1 -- manip15,IMFT,1.255e-01,1.161e-04,2.650e+03,7.400e-03,8.900e-01,9.980e+02,9.980e+02,nan,nan,2.000e+01,2.000e+01,9.900e-02,1.940e-01,2.036e-01,nan,nan,1.213e-02,1.205e+03,2.037e+00,6.440e-01,2.056e+00,1.580e+05,2.077e-01,1.883e-02,3.181e-01,-2.964e-03
run_040.nc,Cyril,IMFT,run_040.nc,silica sand,Slope1 -- manip16,IMFT,4.826e-03,1.161e-04,2.650e+03,7.400e-03,8.900e-01,9.980e+02,9.980e+02,nan,nan,2.000e+01,2.000e+01,9.900e-02,1.940e-01,2.036e-01,nan,nan,1.213e-02,1.006e+03,7.836e-02,1.263e-01,2.056e+00,2.587e+04,7.988e-03,9.601e-02,4.034e-01,9.648e-03
run_041.nc,Cyril,IMFT,run_041.nc,silica sand,Slope1 -- manip17,IMFT,2.944e-02,1.161e-04,2.650e+03,7.400e-03,8.900e-01,9.980e+02,9.980e+02,nan,nan,2.000e+01,2.000e+01,9.900e-02,1.940e-01,2.036e-01,nan,nan,1.213e-02,1.047e+03,4.780e-01,3.119e-01,2.056e+00,6.647e+04,4.873e-02,3.887e-02,3.555e-01,-9.352e-04
run_042.nc,Cyril,IMFT,run_042.nc,silica sand,Slope1 -- manip18,IMFT,2.944e-02,1.161e-04,2.650e+03,7.400e-03,8.900e-01,9.980e+02,9.980e+02,nan,nan,2.000e+01,2.000e+01,9.900e-02,1.940e-01,2.036e-01,nan,nan,1.213e-02,1.047e+03,4.780e-01,3.119e-01,2.056e+00,6.647e+04,4.873e-02,3.887e-02,3.095e-01,-2.233e-03
run_043.nc,Cyril,IMFT,run_043.nc,silica sand,Slope1 -- manip19,IMFT,1.544e-01,1.161e-04,2.650e+03,7.400e-03,8.900e-01,9.980e+02,9.980e+02,nan,nan,2.000e+01,2.000e+01,9.900e-02,1.940e-01,2.036e-01,nan,nan,1.213e-02,1.253e+03,2.508e+00,7.145e-01,2.056e+00,1.823e+05,2.556e-01,1.697e-02,3.571e-01,1.351e-04
run_044.nc,Cyril,IMFT,run_044.nc,silica sand,Slope3 -- manip01,IMFT,2.064e-02,1.161e-04,2.650e+03,7.400e-03,2.830e+00,9.980e+02,9.980e+02,nan,nan,2.000e+01,2.000e+01,9.900e-02,1.940e-01,2.046e-01,nan,nan,1.213e-02,1.032e+03,3.352e-01,2.619e-01,2.067e+00,5.531e+04,3.417e-02,4.630e-02,4.594e-01,8.992e-03
run_045.nc,Cyril,IMFT,run_045.nc,silica sand,Slope3 -- manip02,IMFT,2.064e-02,1.161e-04,2.650e+03,7.400e-03,2.830e+00,9.980e+02,9.980e+02,nan,nan,2.000e+01,2.000e+01,9.900e-02,1.940e-01,2.046e-01,nan,nan,1.213e-02,1.032e+03,3.352e-01,2.619e-01,2.067e+00,5.531e+04,3.417e-02,4.630e-02,3.583e-01,3.779e-04
run_046.nc,Cyril,IMFT,run_046.nc,silica sand,Slope3 -- manip03,IMFT,2.929e-02,1.161e-04,2.650e+03,7.400e-03,2.830e+00,9.980e+02,9.980e+02,nan,nan,2.000e+01,2.000e+01,9.900e-02,1.940e-01,2.046e-01,nan,nan,1.213e-02,1.046e+03,4.756e-01,3.119e-01,2.067e+00,6.679e+04,4.848e-02,3.887e-02,3.730e-01,5.002e-04
run_047.nc,Cyril,IMFT,run_047.nc,silica sand,Slope3 -- manip04,IMFT,4.033e-02,1.161e-04,2.650e+03,7.400e-03,2.830e+00,9.980e+02,9.980e+02,nan,nan,2.000e+01,2.000e+01,9.900e-02,1.940e-01,2.046e-01,nan,nan,1.213e-02,1.065e+03,6.549e-01,3.661e-01,2.067e+00,7.975e+04,6.676e-02,3.313e-02,3.038e-01,-5.297e-03
run_048.nc,Cyril,IMFT,run_048.nc,silica sand,Slope3 -- manip05,IMFT,4.993e-02,1.161e-04,2.650e+03,7.400e-03,2.830e+00,9.980e+02,9.980e+02,nan,nan,2.000e+01,2.000e+01,9.900e-02,1.940e-01,2.046e-01,nan,nan,1.213e-02,1.080e+03,8.108e-01,4.073e-01,2.067e+00,9.006e+04,8.265e-02,2.977e-02,3.060e-01,-4.556e-03
run_049.nc,Cyril,IMFT,run_049.nc,silica sand,Slope3 -- manip06,IMFT,8.642e-03,1.161e-04,2.650e+03,7.400e-03,2.830e+00,9.980e+02,9.980e+02,nan,nan,2.000e+01,2.000e+01,9.900e-02,1.940e-01,2.046e-01,nan,nan,1.213e-02,1.012e+03,1.403e-01,1.695e-01,2.067e+00,3.510e+04,1.430e-02,7.156e-02,3.759e-01,3.324e-03
run_050.nc,Cyril,IMFT,run_050.nc,silica sand,Slope3 -- manip07,IMFT,6.337e-02,1.161e-04,2.650e+03,7.400e-03,2.830e+00,9.980e+02,9.980e+02,nan,nan,2.000e+01,2.000e+01,9.900e-02,1.940e-01,2.046e-01,nan,nan,1.213e-02,1.103e+03,1.029e+00,4.589e-01,2.067e+00,1.035e+05,1.049e-01,2.643e-02,3.599e-01,-1.864e-03
run_051.nc,Cyril,IMFT,run_051.nc,silica sand,Slope3 -- manip08,IMFT,7.874e-02,1.161e-04,2.650e+03,7.400e-03,2.830e+00,9.980e+02,9.980e+02,nan,nan,2.000e+01,2.000e+01,9.900e-02,1.940e-01,2.046e-01,nan,nan,1.213e-02,1.128e+03,1.279e+00,5.115e-01,2.067e+00,1.181e+05,1.303e-01,2.371e-02,3.596e-01,-1.101e-03
run_052.nc,Cyril,IMFT,run_052.nc,silica sand,Slope3 -- manip09,IMFT,6.721e-03,1.161e-04,2.650e+03,7.400e-03,2.830e+00,9.980e+02,9.980e+02,nan,nan,2.000e+01,2.000e+01,9.900e-02,1.940e-01,2.046e-01,nan,nan,1.213e-02,1.009e+03,1.091e-01,1.494e-01,2.067e+00,3.086e+04,1.113e-02,8.114e-02,3.902e-01,6.081e-03
run_053.nc,Cyril,IMFT,run_053.nc,silica sand,Slope3 -- manip10,IMFT,3.649e-03,1.161e-04,2.650e+03,7.400e-03,2.830e+00,9.980e+02,9.980e+02,nan,nan,2.000e+01,2.000e+01,9.900e-02,1.940e-01,2.046e-01,nan,nan,1.213e-02,1.004e+03,5.925e-02,1.101e-01,2.067e+00,2.262e+04,6.040e-03,1.101e-01,3.778e-01,6.534e-03
run_054.nc,Cyril,IMFT,run_054.nc,silica sand,Slope3 -- manip11,IMFT,6.721e-03,1.161e-04,2.650e+03,7.400e-03,2.830e+00,9.980e+02,9.980e+02,nan,nan,2.000e+01,2.000e+01,9.900e-02,1.940e-01,2.046e-01,nan,nan,1.213e-02,1.009e+03,1.091e-01,1.494e-01,2.067e+00,3.086e+04,1.113e-02,8.114e-02,4.875e-01,1.216e-02
run_055.nc,Cyril,IMFT,run_055.nc,silica sand,Slope3 -- manip12,IMFT,6.721e-03,1.161e-04,2.650e+03,7.400e-03,2.830e+00,9.980e+02,9.980e+02,nan,nan,2.000e+01,2.000e+01,9.900e-02,1.940e-01,2.046e-01,nan,nan,1.213e-02,1.009e+03,1.091e-01,1.494e-01,2.067e+00,3.086e+04,1.113e-02,8.114e-02,4.066e-01,6.993e-03
run_056.nc,Cyril,IMFT,run_056.nc,silica sand,Slope3 -- manip13,IMFT,1.440e-02,1.161e-04,2.650e+03,7.400e-03,2.830e+00,9.980e+02,9.980e+02,nan,nan,2.000e+01,2.000e+01,9.900e-02,1.940e-01,2.046e-01,nan,nan,1.213e-02,1.022e+03,2.339e-01,2.188e-01,2.067e+00,4.574e+04,2.384e-02,5.543e-02,3.695e-01,5.442e-04
run_057.nc,Cyril,IMFT,run_057.nc,silica sand,Slope3 -- manip14,IMFT,1.008e-01,1.161e-04,2.650e+03,7.400e-03,2.830e+00,9.980e+02,9.980e+02,nan,nan,2.000e+01,2.000e+01,9.900e-02,1.940e-01,2.046e-01,nan,nan,1.213e-02,1.165e+03,1.637e+00,5.788e-01,2.067e+00,1.379e+05,1.669e-01,2.095e-02,3.700e-01,-7.772e-04
run_058.nc,Cyril,IMFT,run_058.nc,silica sand,Slope3 -- manip15,IMFT,1.248e-01,1.161e-04,2.650e+03,7.400e-03,2.830e+00,9.980e+02,9.980e+02,nan,nan,2.000e+01,2.000e+01,9.900e-02,1.940e-01,2.046e-01,nan,nan,1.213e-02,1.204e+03,2.027e+00,6.440e-01,2.067e+00,1.587e+05,2.066e-01,1.883e-02,3.619e-01,-9.325e-04
run_059.nc,Cyril,IMFT,run_059.nc,silica sand,Slope3 -- manip16,IMFT,1.008e-01,1.161e-04,2.650e+03,7.400e-03,2.830e+00,9.980e+02,9.980e+02,nan,nan,2.000e+01,2.000e+01,9.900e-02,1.940e-01,2.046e-01,nan,nan,1.213e-02,1.165e+03,1.637e+00,5.788e-01,2.067e+00,1.379e+05,1.669e-01,2.095e-02,3.789e-01,-3.527e-04
run_060.nc,Cyril,IMFT,run_060.nc,silica sand,Slope3 -- manip17,IMFT,1.008e-01,1.161e-04,2.650e+03,7.400e-03,2.830e+00,9.980e+02,9.980e+02,nan,nan,2.000e+01,2.000e+01,9.900e-02,1.940e-01,2.046e-01,nan,nan,1.213e-02,1.165e+03,1.637e+00,5.788e-01,2.067e+00,1.379e+05,1.669e-01,2.095e-02,3.451e-01,7.443e-04
run_061.nc,Cyril,IMFT,run_061.nc,silica sand,Slope3 -- manip18,IMFT,2.929e-02,1.161e-04,2.650e+03,7.400e-03,2.830e+00,9.980e+02,9.980e+02,nan,nan,2.000e+01,2.000e+01,9.900e-02,1.940e-01,2.046e-01,nan,nan,1.213e-02,1.046e+03,4.756e-01,3.119e-01,2.067e+00,6.679e+04,4.848e-02,3.887e-02,4.387e-01,4.663e-03
run_062.nc,Cyril,IMFT,run_062.nc,silica sand,Slope3 -- manip19,IMFT,1.536e-01,1.161e-04,2.650e+03,7.400e-03,2.830e+00,9.980e+02,9.980e+02,nan,nan,2.000e+01,2.000e+01,9.900e-02,1.940e-01,2.046e-01,nan,nan,1.213e-02,1.252e+03,2.495e+00,7.145e-01,2.067e+00,1.830e+05,2.543e-01,1.697e-02,3.858e-01,-1.872e-04
run_063.nc,Cyril,IMFT,run_063.nc,silica sand,Slope3 -- manip20,IMFT,2.929e-02,1.161e-04,2.650e+03,7.400e-03,2.830e+00,9.980e+02,9.980e+02,nan,nan,2.000e+01,2.000e+01,9.900e-02,1.940e-01,2.046e-01,nan,nan,1.213e-02,1.046e+03,4.756e-01,3.119e-01,2.067e+00,6.679e+04,4.848e-02,3.887e-02,3.632e-01,-1.350e-03
run_064.nc,Cyril,IMFT,run_064.nc,silica sand,Slope3 -- manip21,IMFT,2.929e-02,1.161e-04,2.650e+03,7.400e-03,2.830e+00,9.980e+02,9.980e+02,nan,nan,2.000e+01,2.000e+01,9.900e-02,1.940e-01,2.046e-01,nan,nan,1.213e-02,1.046e+03,4.756e-01,3.119e-01,2.067e+00,6.679e+04,4.848e-02,3.887e-02,3.257e-01,-3.369e-03
run_065.nc,Cyril,IMFT,run_065.nc,silica sand,Slope3 -- manip22,IMFT,2.929e-02,1.161e-04,2.650e+03,7.400e-03,2.830e+00,9.980e+02,9.980e+02,nan,nan,2.000e+01,2.000e+01,9.900e-02,1.940e-01,2.046e-01,nan,nan,1.213e-02,1.046e+03,4.756e-01,3.119e-01,2.067e+00,6.679e+04,4.848e-02,3.887e-02,3.170e-01,-3.066e-03
run_066.nc,Cyril,IMFT,run_066.nc,silica sand,Slope3 -- manip23,IMFT,2.929e-02,1.161e-04,2.650e+03,7.400e-03,2.830e+00,9.980e+02,9.980e+02,nan,nan,2.000e+01,2.000e+01,9.900e-02,1.940e-01,2.046e-01,nan,nan,1.213e-02,1.046e+03,4.756e-01,3.119e-01,2.067e+00,6.679e+04,4.848e-02,3.887e-02,3.667e-01,-9.581e-04
run_067.nc,Cyril,IMFT,run_067.nc,silica sand,Slope3 -- manip24,IMFT,2.929e-02,1.161e-04,2.650e+03,7.400e-03,2.830e+00,9.980e+02,9.980e+02,nan,nan,2.000e+01,2.000e+01,9.900e-02,1.940e-01,2.046e-01,nan,nan,1.213e-02,1.046e+03,4.756e-01,3.119e-01,2.067e+00,6.679e+04,4.848e-02,3.887e-02,3.206e-01,-3.947e-03
run_068.nc,Cyril,IMFT,run_068.nc,silica sand,Slope3 -- manip25,IMFT,2.929e-02,1.161e-04,2.650e+03,7.400e-03,2.830e+00,9.980e+02,9.980e+02,nan,nan,2.000e+01,2.000e+01,9.900e-02,1.940e-01,2.046e-01,nan,nan,1.213e-02,1.046e+03,4.756e-01,3.119e-01,2.067e+00,6.679e+04,4.848e-02,3.887e-02,3.027e-01,-5.648e-03
run_069.nc,Cyril,IMFT,run_069.nc,silica sand,Slope5 -- manip01,IMFT,2.091e-02,1.161e-04,2.650e+03,7.400e-03,4.980e+00,9.980e+02,9.980e+02,nan,nan,2.000e+01,2.000e+01,9.900e-02,1.940e-01,2.020e-01,nan,nan,1.213e-02,1.033e+03,3.396e-01,2.619e-01,2.041e+00,5.463e+04,3.461e-02,4.630e-02,3.242e-01,-5.572e-03
run_070.nc,Cyril,IMFT,run_070.nc,silica sand,Slope5 -- manip02,IMFT,8.753e-03,1.161e-04,2.650e+03,7.400e-03,4.980e+00,9.980e+02,9.980e+02,nan,nan,2.000e+01,2.000e+01,9.900e-02,1.940e-01,2.020e-01,nan,nan,1.213e-02,1.012e+03,1.421e-01,1.695e-01,2.041e+00,3.466e+04,1.449e-02,7.156e-02,4.582e-01,8.994e-03
run_071.nc,Cyril,IMFT,run_071.nc,silica sand,Slope5 -- manip03,IMFT,2.966e-02,1.161e-04,2.650e+03,7.400e-03,4.980e+00,9.980e+02,9.980e+02,nan,nan,2.000e+01,2.000e+01,9.900e-02,1.940e-01,2.020e-01,nan,nan,1.213e-02,1.047e+03,4.817e-01,3.119e-01,2.041e+00,6.598e+04,4.910e-02,3.887e-02,3.174e-01,-5.642e-03
run_072.nc,Cyril,IMFT,run_072.nc,silica sand,Slope5 -- manip04,IMFT,4.085e-02,1.161e-04,2.650e+03,7.400e-03,4.980e+00,9.980e+02,9.980e+02,nan,nan,2.000e+01,2.000e+01,9.900e-02,1.940e-01,2.020e-01,nan,nan,1.213e-02,1.065e+03,6.633e-01,3.661e-01,2.041e+00,7.879e+04,6.762e-02,3.313e-02,3.169e-01,-3.633e-03
run_073.nc,Cyril,IMFT,run_073.nc,silica sand,Slope5 -- manip05,IMFT,5.057e-02,1.161e-04,2.650e+03,7.400e-03,4.980e+00,9.980e+02,9.980e+02,nan,nan,2.000e+01,2.000e+01,9.900e-02,1.940e-01,2.020e-01,nan,nan,1.213e-02,1.082e+03,8.212e-01,4.073e-01,2.041e+00,8.900e+04,8.372e-02,2.977e-02,3.271e-01,-1.927e-03
run_074.nc,Cyril,IMFT,run_074.nc,silica sand,Slope5 -- manip06,IMFT,6.419e-02,1.161e-04,2.650e+03,7.400e-03,4.980e+00,9.980e+02,9.980e+02,nan,nan,2.000e+01,2.000e+01,9.900e-02,1.940e-01,2.020e-01,nan,nan,1.213e-02,1.104e+03,1.042e+00,4.589e-01,2.041e+00,1.023e+05,1.063e-01,2.643e-02,3.416e-01,-1.121e-03
run_075.nc,Cyril,IMFT,run_075.nc,silica sand,Slope5 -- manip07,IMFT,7.975e-02,1.161e-04,2.650e+03,7.400e-03,4.980e+00,9.980e+02,9.980e+02,nan,nan,2.000e+01,2.000e+01,9.900e-02,1.940e-01,2.020e-01,nan,nan,1.213e-02,1.130e+03,1.295e+00,5.115e-01,2.041e+00,1.167e+05,1.320e-01,2.371e-02,3.289e-01,-3.052e-03
run_076.nc,Cyril,IMFT,run_076.nc,silica sand,Slope5 -- manip08,IMFT,1.264e-01,1.161e-04,2.650e+03,7.400e-03,4.980e+00,9.980e+02,9.980e+02,nan,nan,2.000e+01,2.000e+01,9.900e-02,1.940e-01,2.020e-01,nan,nan,1.213e-02,1.207e+03,2.053e+00,6.440e-01,2.041e+00,1.570e+05,2.093e-01,1.883e-02,3.801e-01,-7.080e-04
run_077.nc,Cyril,IMFT,run_077.nc,silica sand,Slope5 -- manip09,IMFT,1.021e-01,1.161e-04,2.650e+03,7.400e-03,4.980e+00,9.980e+02,9.980e+02,nan,nan,2.000e+01,2.000e+01,9.900e-02,1.940e-01,2.020e-01,nan,nan,1.213e-02,1.167e+03,1.658e+00,5.788e-01,2.041e+00,1.364e+05,1.690e-01,2.095e-02,3.787e-01,-3.048e-03
run_078.nc,Cyril,IMFT,run_078.nc,silica sand,Slope5 -- manip10,IMFT,6.808e-03,1.161e-04,2.650e+03,7.400e-03,4.980e+00,9.980e+02,9.980e+02,nan,nan,2.000e+01,2.000e+01,9.900e-02,1.940e-01,2.020e-01,nan,nan,1.213e-02,1.009e+03,1.106e-01,1.494e-01,2.041e+00,3.047e+04,1.127e-02,8.114e-02,3.995e-01,3.447e-03
run_079.nc,Cyril,IMFT,run_079.nc,silica sand,Slope5 -- manip11,IMFT,4.863e-03,1.161e-04,2.650e+03,7.400e-03,4.980e+00,9.980e+02,9.980e+02,nan,nan,2.000e+01,2.000e+01,9.900e-02,1.940e-01,2.020e-01,nan,nan,1.213e-02,1.006e+03,7.897e-02,1.263e-01,2.041e+00,2.567e+04,8.050e-03,9.601e-02,4.267e-01,9.137e-03
run_080.nc,Cyril,IMFT,run_080.nc,silica sand,Slope5 -- manip12,IMFT,2.431e-03,1.161e-04,2.650e+03,7.400e-03,4.980e+00,9.980e+02,9.980e+02,nan,nan,2.000e+01,2.000e+01,9.900e-02,1.940e-01,2.020e-01,nan,nan,1.213e-02,1.002e+03,3.948e-02,8.931e-02,2.041e+00,1.808e+04,4.025e-03,1.358e-01,4.617e-01,1.797e-02
run_081.nc,Cyril,IMFT,run_081.nc,silica sand,Slope5 -- manip13,IMFT,6.808e-03,1.161e-04,2.650e+03,7.400e-03,4.980e+00,9.980e+02,9.980e+02,nan,nan,2.000e+01,2.000e+01,9.900e-02,1.940e-01,2.020e-01,nan,nan,1.213e-02,1.009e+03,1.106e-01,1.494e-01,2.041e+00,3.047e+04,1.127e-02,8.114e-02,4.269e-01,6.450e-03
run_082.nc,Cyril,IMFT,run_082.nc,silica sand,Slope5 -- manip14,IMFT,6.808e-03,1.161e-04,2.650e+03,7.400e-03,4.980e+00,9.980e+02,9.980e+02,nan,nan,2.000e+01,2.000e+01,9.900e-02,1.940e-01,2.020e-01,nan,nan,1.213e-02,1.009e+03,1.106e-01,1.494e-01,2.041e+00,3.047e+04,1.127e-02,8.114e-02,4.491e-01,9.032e-03
run_083.nc,Cyril,IMFT,run_083.nc,silica sand,Slope5 -- manip15,IMFT,2.966e-02,1.161e-04,2.650e+03,7.400e-03,4.980e+00,9.980e+02,9.980e+02,nan,nan,2.000e+01,2.000e+01,9.900e-02,1.940e-01,2.020e-01,nan,nan,1.213e-02,1.047e+03,4.817e-01,3.119e-01,2.041e+00,6.598e+04,4.910e-02,3.887e-02,3.308e-01,-3.317e-03
run_084.nc,Cyril,IMFT,run_084.nc,silica sand,Slope5 -- manip16,IMFT,2.966e-02,1.161e-04,2.650e+03,7.400e-03,4.980e+00,9.980e+02,9.980e+02,nan,nan,2.000e+01,2.000e+01,9.900e-02,1.940e-01,2.020e-01,nan,nan,1.213e-02,1.047e+03,4.817e-01,3.119e-01,2.041e+00,6.598e+04,4.910e-02,3.887e-02,3.492e-01,-2.760e-03
run_085.nc,Cyril,IMFT,run_085.nc,silica sand,Slope5 -- manip17,IMFT,1.459e-02,1.161e-04,2.650e+03,7.400e-03,4.980e+00,9.980e+02,9.980e+02,nan,nan,2.000e+01,2.000e+01,9.900e-02,1.940e-01,2.020e-01,nan,nan,1.213e-02,1.022e+03,2.369e-01,2.188e-01,2.041e+00,4.517e+04,2.415e-02,5.543e-02,3.438e-01,-2.469e-03
run_086.nc,Cyril,IMFT,run_086.nc,silica sand,Slope5 -- manip18,IMFT,1.556e-01,1.161e-04,2.650e+03,7.400e-03,4.980e+00,9.980e+02,9.980e+02,nan,nan,2.000e+01,2.000e+01,9.900e-02,1.940e-01,2.020e-01,nan,nan,1.213e-02,1.255e+03,2.527e+00,7.145e-01,2.041e+00,1.812e+05,2.576e-01,1.697e-02,3.627e-01,-1.899e-03
run_087.nc,Cyril,IMFT,run_087.nc,silica sand,Slope5 -- manip19,IMFT,1.021e-01,1.161e-04,2.650e+03,7.400e-03,4.980e+00,9.980e+02,9.980e+02,nan,nan,2.000e+01,2.000e+01,9.900e-02,1.940e-01,2.020e-01,nan,nan,1.213e-02,1.167e+03,1.658e+00,5.788e-01,2.041e+00,1.364e+05,1.690e-01,2.095e-02,3.883e-01,2.114e-03
run_088.nc,Cyril,IMFT,run_088.nc,silica sand,Slope5 -- manip20,IMFT,1.021e-01,1.161e-04,2.650e+03,7.400e-03,4.980e+00,9.980e+02,9.980e+02,nan,nan,2.000e+01,2.000e+01,9.900e-02,1.940e-01,2.020e-01,nan,nan,1.213e-02,1.167e+03,1.658e+00,5.788e-01,2.041e+00,1.364e+05,1.690e-01,2.095e-02,3.569e-01,-3.807e-03
run_089.nc,Cyril,IMFT,run_089.nc,glass beads,Silibeads40_70 -- run01,IMFT,9.809e-03,6.420e-05,2.650e+03,3.174e-03,7.240e+00,9.980e+02,9.980e+02,nan,nan,2.000e+01,2.000e+01,9.900e-02,1.940e-01,2.021e-01,nan,nan,3.711e-03,1.014e+03,1.593e-01,1.794e-01,2.042e+00,3.678e+04,1.624e-02,2.068e-02,4.291e-01,5.251e-04
run_090.nc,Cyril,IMFT,run_090.nc,glass beads,Silibeads40_70 -- run02,IMFT,2.920e-02,6.420e-05,2.650e+03,3.174e-03,7.240e+00,9.979e+02,9.979e+02,nan,nan,2.000e+01,2.000e+01,9.900e-02,1.940e-01,2.021e-01,nan,nan,3.711e-03,1.046e+03,4.743e-01,3.096e-01,2.042e+00,6.546e+04,4.835e-02,1.199e-02,4.100e-01,-6.368e-04
run_091.nc,Cyril,IMFT,run_091.nc,glass beads,Silibeads40_70 -- run03,IMFT,4.861e-02,6.420e-05,2.650e+03,3.174e-03,7.240e+00,9.979e+02,9.979e+02,nan,nan,2.000e+01,2.000e+01,9.900e-02,1.940e-01,2.021e-01,nan,nan,3.711e-03,1.078e+03,7.894e-01,3.994e-01,2.042e+00,8.705e+04,8.047e-02,9.291e-03,4.061e-01,-2.266e-03
run_092.nc,Cyril,IMFT,run_092.nc,glass beads,Silibeads40_70 -- run04,IMFT,4.861e-03,6.420e-05,2.650e+03,3.174e-03,7.240e+00,9.979e+02,9.979e+02,nan,nan,2.000e+01,2.000e+01,9.900e-02,1.940e-01,2.021e-01,nan,nan,3.711e-03,1.006e+03,7.894e-02,1.263e-01,2.042e+00,2.568e+04,8.047e-03,2.938e-02,4.438e-01,4.199e-03
run_093.nc,Cyril,IMFT,run_093.nc,glass beads,Silibeads40_70 -- run05,IMFT,1.458e-02,6.420e-05,2.650e+03,3.174e-03,7.240e+00,9.976e+02,9.976e+02,nan,nan,2.000e+01,2.000e+01,9.900e-02,1.940e-01,2.021e-01,nan,nan,3.712e-03,1.022e+03,2.369e-01,2.188e-01,2.042e+00,4.519e+04,2.415e-02,1.696e-02,4.491e-01,1.418e-03
run_094.nc,Cyril,IMFT,run_094.nc,glass beads,Silibeads40_70 -- run06,IMFT,1.168e-01,6.420e-05,2.650e+03,3.174e-03,7.240e+00,9.976e+02,9.976e+02,nan,nan,2.000e+01,2.000e+01,9.900e-02,1.940e-01,2.021e-01,nan,nan,3.712e-03,1.191e+03,1.898e+00,6.194e-01,2.042e+00,1.491e+05,1.935e-01,5.993e-03,4.352e-01,-2.693e-03
run_095.nc,Cyril,IMFT,run_095.nc,glass beads,Silibeads40_70 -- run07,IMFT,1.966e-02,6.420e-05,2.650e+03,3.174e-03,7.240e+00,9.976e+02,9.976e+02,nan,nan,2.000e+01,2.000e+01,9.900e-02,1.940e-01,2.021e-01,nan,nan,3.712e-03,1.030e+03,3.194e-01,2.541e-01,2.042e+00,5.290e+04,3.256e-02,1.461e-02,3.977e-01,-9.432e-04
run_096.nc,Cyril,IMFT,run_096.nc,glass beads,Silibeads40_70 -- run08,IMFT,7.295e-02,6.420e-05,2.650e+03,3.174e-03,7.240e+00,9.978e+02,9.978e+02,nan,nan,2.000e+01,2.000e+01,9.900e-02,1.940e-01,2.021e-01,nan,nan,3.711e-03,1.118e+03,1.185e+00,4.894e-01,2.042e+00,1.106e+05,1.208e-01,7.584e-03,5.692e-01,9.677e-03
run_097.nc,Cyril,IMFT,run_097.nc,glass beads,Silibeads40_70 -- run09,IMFT,1.465e-02,6.420e-05,2.650e+03,3.174e-03,7.240e+00,9.978e+02,9.978e+02,nan,nan,2.000e+01,2.000e+01,9.900e-02,1.940e-01,2.021e-01,nan,nan,3.711e-03,1.022e+03,2.380e-01,2.193e-01,2.042e+00,4.530e+04,2.426e-02,1.692e-02,4.569e-01,1.980e-03
run_098.nc,Cyril,IMFT,run_098.nc,glass beads,Silibeads40_70 -- run10,IMFT,9.809e-02,6.420e-05,2.650e+03,3.174e-03,7.240e+00,9.978e+02,9.978e+02,nan,nan,2.000e+01,2.000e+01,9.900e-02,1.940e-01,2.021e-01,nan,nan,3.711e-03,1.160e+03,1.593e+00,5.675e-01,2.042e+00,1.330e+05,1.624e-01,6.540e-03,5.202e-01,3.604e-03
run_099.nc,Cyril,IMFT,run_099.nc,glass beads,Silibeads40_70 -- run11,IMFT,3.500e-03,6.420e-05,2.650e+03,3.174e-03,7.240e+00,9.978e+02,9.978e+02,nan,nan,2.000e+01,2.000e+01,9.900e-02,1.940e-01,2.021e-01,nan,nan,3.711e-03,1.004e+03,5.685e-02,1.072e-01,2.042e+00,2.174e+04,5.795e-03,3.463e-02,4.005e-01,3.829e-03
run_100.nc,Cyril,IMFT,run_100.nc,glass beads,Silibeads40_70 -- run12,IMFT,2.430e-03,6.420e-05,2.650e+03,3.174e-03,7.240e+00,9.977e+02,9.977e+02,nan,nan,2.000e+01,2.000e+01,9.900e-02,1.940e-01,2.021e-01,nan,nan,3.712e-03,1.002e+03,3.948e-02,8.933e-02,2.042e+00,1.809e+04,4.025e-03,4.155e-02,3.971e-01,3.919e-03
run_101.nc,Cyril,IMFT,run_101.nc,glass beads,Silibeads40_70 -- run13,IMFT,1.458e-01,6.420e-05,2.650e+03,3.174e-03,7.240e+00,9.977e+02,9.977e+02,nan,nan,2.000e+01,2.000e+01,9.900e-02,1.940e-01,2.021e-01,nan,nan,3.712e-03,1.239e+03,2.369e+00,6.920e-01,2.042e+00,1.732e+05,2.415e-01,5.364e-03,4.557e-01,-1.175e-03
run_102.nc,Cyril,IMFT,run_102.nc,glass beads,Silibeads40_70 -- run14,IMFT,6.805e-03,6.420e-05,2.650e+03,3.174e-03,7.240e+00,9.977e+02,9.977e+02,nan,nan,2.000e+01,2.000e+01,9.900e-02,1.940e-01,2.021e-01,nan,nan,3.712e-03,1.009e+03,1.106e-01,1.495e-01,2.042e+00,3.048e+04,1.127e-02,2.483e-02,3.853e-01,5.550e-05
run_103.nc,Cyril,IMFT,run_103.nc,glass beads,Silibeads40_70 -- run15,IMFT,4.864e-02,6.420e-05,2.650e+03,3.174e-03,7.240e+00,9.977e+02,9.977e+02,nan,nan,2.000e+01,2.000e+01,9.900e-02,1.940e-01,2.021e-01,nan,nan,3.712e-03,1.078e+03,7.902e-01,3.996e-01,2.042e+00,8.707e+04,8.055e-02,9.288e-03,5.042e-01,3.691e-03
run_104.nc,Cyril,IMFT,run_104.nc,glass beads,Silibeads40_70 -- run16,IMFT,2.450e-03,6.420e-05,2.650e+03,3.174e-03,7.240e+00,9.977e+02,9.977e+02,nan,nan,2.000e+01,2.000e+01,9.900e-02,1.940e-01,2.021e-01,nan,nan,3.712e-03,1.002e+03,3.980e-02,8.969e-02,2.042e+00,1.816e+04,4.057e-03,4.138e-02,4.003e-01,5.060e-03
run_105.nc,Cyril,IMFT,run_105.nc,glass beads,Silibeads40_70 -- run17,IMFT,3.422e-03,6.420e-05,2.650e+03,3.174e-03,7.240e+00,9.977e+02,9.977e+02,nan,nan,2.000e+01,2.000e+01,9.900e-02,1.940e-01,2.021e-01,nan,nan,3.712e-03,1.003e+03,5.559e-02,1.060e-01,2.042e+00,2.150e+04,5.667e-03,3.502e-02,4.062e-01,2.755e-03
run_106.nc,Cyril,IMFT,run_106.nc,glass beads,Silibeads40_70 -- run18,IMFT,4.900e-03,6.420e-05,2.650e+03,3.174e-03,7.240e+00,9.977e+02,9.977e+02,nan,nan,2.000e+01,2.000e+01,9.900e-02,1.940e-01,2.021e-01,nan,nan,3.712e-03,1.006e+03,7.960e-02,1.268e-01,2.042e+00,2.578e+04,8.114e-03,2.926e-02,4.937e-01,6.604e-03
run_107.nc,Cyril,IMFT,run_107.nc,glass beads,Silibeads100_200 -- run01,IMFT,9.721e-03,1.351e-04,2.650e+03,1.144e-02,7.240e+00,9.979e+02,9.979e+02,nan,nan,2.000e+01,2.000e+01,9.900e-02,1.940e-01,2.021e-01,nan,nan,1.642e-02,1.014e+03,1.579e-01,1.786e-01,2.042e+00,3.661e+04,1.609e-02,9.194e-02,4.668e-01,1.484e-02
run_108.nc,Cyril,IMFT,run_108.nc,glass beads,Silibeads100_200 -- run02,IMFT,1.461e-02,1.351e-04,2.650e+03,1.144e-02,7.240e+00,9.979e+02,9.979e+02,nan,nan,2.000e+01,2.000e+01,9.900e-02,1.940e-01,2.021e-01,nan,nan,1.642e-02,1.022e+03,2.373e-01,2.190e-01,2.042e+00,4.524e+04,2.419e-02,7.499e-02,4.460e-01,1.060e-02
run_109.nc,Cyril,IMFT,run_109.nc,glass beads,Silibeads100_200 -- run03,IMFT,2.918e-02,1.351e-04,2.650e+03,1.144e-02,7.240e+00,9.979e+02,9.979e+02,nan,nan,2.000e+01,2.000e+01,9.900e-02,1.940e-01,2.021e-01,nan,nan,1.642e-02,1.046e+03,4.740e-01,3.095e-01,2.042e+00,6.544e+04,4.832e-02,5.306e-02,4.432e-01,6.257e-03
run_110.nc,Cyril,IMFT,run_110.nc,glass beads,Silibeads100_200 -- run04,IMFT,6.805e-03,1.351e-04,2.650e+03,1.144e-02,7.240e+00,9.979e+02,9.979e+02,nan,nan,2.000e+01,2.000e+01,9.900e-02,1.940e-01,2.021e-01,nan,nan,1.642e-02,1.009e+03,1.105e-01,1.495e-01,2.042e+00,3.048e+04,1.127e-02,1.099e-01,4.324e-01,1.158e-02
run_111.nc,Cyril,IMFT,run_111.nc,glass beads,Silibeads100_200 -- run05,IMFT,4.862e-02,1.351e-04,2.650e+03,1.144e-02,7.240e+00,9.980e+02,9.980e+02,nan,nan,2.000e+01,2.000e+01,9.900e-02,1.940e-01,2.021e-01,nan,nan,1.642e-02,1.078e+03,7.895e-01,3.994e-01,2.042e+00,8.706e+04,8.048e-02,4.111e-02,4.590e-01,5.211e-03
run_112.nc,Cyril,IMFT,run_112.nc,glass beads,Silibeads100_200 -- run06,IMFT,1.944e-02,1.351e-04,2.650e+03,1.144e-02,7.240e+00,9.980e+02,9.980e+02,nan,nan,2.000e+01,2.000e+01,9.900e-02,1.940e-01,2.021e-01,nan,nan,1.642e-02,1.030e+03,3.157e-01,2.526e-01,2.042e+00,5.259e+04,3.218e-02,6.501e-02,4.121e-01,7.778e-03
run_113.nc,Cyril,IMFT,run_113.nc,glass beads,Silibeads100_200 -- run07,IMFT,9.799e-03,1.351e-04,2.650e+03,1.144e-02,7.240e+00,9.980e+02,9.980e+02,nan,nan,2.000e+01,2.000e+01,9.900e-02,1.940e-01,2.021e-01,nan,nan,1.642e-02,1.014e+03,1.591e-01,1.793e-01,2.042e+00,3.676e+04,1.622e-02,9.158e-02,4.252e-01,1.031e-02
run_114.nc,Cyril,IMFT,run_114.nc,glass beads,Silibeads100_200 -- run08,IMFT,4.909e-03,1.351e-04,2.650e+03,1.144e-02,7.240e+00,9.980e+02,9.980e+02,nan,nan,2.000e+01,2.000e+01,9.900e-02,1.940e-01,2.021e-01,nan,nan,1.642e-02,1.006e+03,7.972e-02,1.269e-01,2.042e+00,2.581e+04,8.126e-03,1.294e-01,3.958e-01,1.292e-02
run_115.nc,Cyril,IMFT,run_115.nc,glass beads,Silibeads150_250 -- run01,IMFT,2.922e-02,1.869e-04,2.650e+03,1.926e-02,7.240e+00,9.982e+02,9.982e+02,nan,nan,2.000e+01,2.000e+01,9.900e-02,1.940e-01,2.021e-01,nan,nan,3.144e-02,1.046e+03,4.744e-01,3.096e-01,2.042e+00,6.549e+04,4.836e-02,1.015e-01,4.441e-01,1.302e-02
run_116.nc,Cyril,IMFT,run_116.nc,glass beads,Silibeads150_250 -- run02,IMFT,1.944e-02,1.869e-04,2.650e+03,1.926e-02,7.240e+00,9.982e+02,9.982e+02,nan,nan,2.000e+01,2.000e+01,9.900e-02,1.940e-01,2.021e-01,nan,nan,3.144e-02,1.030e+03,3.156e-01,2.526e-01,2.042e+00,5.259e+04,3.217e-02,1.245e-01,3.941e-01,1.151e-02
run_117.nc,Cyril,IMFT,run_117.nc,glass beads,Silibeads150_250 -- run03,IMFT,4.863e-02,1.869e-04,2.650e+03,1.926e-02,7.240e+00,9.982e+02,9.982e+02,nan,nan,2.000e+01,2.000e+01,9.900e-02,1.940e-01,2.021e-01,nan,nan,3.144e-02,1.079e+03,7.894e-01,3.994e-01,2.042e+00,8.707e+04,8.047e-02,7.871e-02,4.772e-01,1.103e-02
run_118.nc,Cyril,IMFT,run_118.nc,glass beads,Silibeads150_250 -- run04,IMFT,2.918e-02,1.869e-04,2.650e+03,1.926e-02,7.240e+00,9.982e+02,9.982e+02,nan,nan,2.000e+01,2.000e+01,9.900e-02,1.940e-01,2.021e-01,nan,nan,3.144e-02,1.046e+03,4.737e-01,3.094e-01,2.042e+00,6.544e+04,4.829e-02,1.016e-01,4.425e-01,1.406e-02
run_119.nc,Cyril,IMFT,run_119.nc,glass beads,Silibeads150_250 -- run05,IMFT,7.297e-02,1.869e-04,2.650e+03,1.926e-02,7.240e+00,9.982e+02,9.982e+02,nan,nan,2.000e+01,2.000e+01,9.900e-02,1.940e-01,2.021e-01,nan,nan,3.144e-02,1.119e+03,1.185e+00,4.893e-01,2.042e+00,1.106e+05,1.207e-01,6.425e-02,5.946e-01,1.890e-02
run_120.nc,Cyril,IMFT,run_120.nc,glass beads,Silibeads150_250 -- run06,IMFT,3.892e-02,1.869e-04,2.650e+03,1.926e-02,7.240e+00,9.982e+02,9.982e+02,nan,nan,2.000e+01,2.000e+01,9.900e-02,1.940e-01,2.021e-01,nan,nan,3.144e-02,1.062e+03,6.319e-01,3.574e-01,2.042e+00,7.674e+04,6.441e-02,8.797e-02,4.453e-01,1.346e-02
run_121.nc,Cyril,IMFT,run_121.nc,glass beads,Silibeads150_250 -- run07,IMFT,1.460e-02,1.869e-04,2.650e+03,1.926e-02,7.240e+00,9.982e+02,9.982e+02,nan,nan,2.000e+01,2.000e+01,9.900e-02,1.940e-01,2.021e-01,nan,nan,3.144e-02,1.022e+03,2.370e-01,2.189e-01,2.042e+00,4.522e+04,2.416e-02,1.436e-01,5.093e-01,3.251e-02
run_122.nc,Cyril,IMFT,run_122.nc,glass beads,Silibeads150_250 -- run08,IMFT,2.923e-02,1.869e-04,2.650e+03,1.926e-02,7.240e+00,9.982e+02,9.982e+02,nan,nan,2.000e+01,2.000e+01,9.900e-02,1.940e-01,2.021e-01,nan,nan,3.144e-02,1.046e+03,4.745e-01,3.097e-01,2.042e+00,6.550e+04,4.837e-02,1.015e-01,4.429e-01,1.344e-02
run_123.nc,Cyril,IMFT,run_123.nc,saline water,Saline -- run01,IMFT,0.000e+00,nan,2.650e+03,nan,7.240e+00,9.983e+02,1.020e+03,nan,nan,2.000e+01,2.000e+01,9.900e-02,1.940e-01,2.021e-01,nan,nan,nan,1.020e+03,2.142e-01,2.081e-01,2.042e+00,4.290e+04,2.184e-02,nan,3.992e-01,4.100e-03
run_124.nc,Cyril,IMFT,run_124.nc,saline water,Saline -- run02,IMFT,0.000e+00,nan,2.650e+03,nan,7.240e+00,9.982e+02,1.100e+03,nan,nan,2.000e+01,2.000e+01,9.900e-02,1.940e-01,2.021e-01,nan,nan,nan,1.100e+03,1.004e+00,4.506e-01,2.042e+00,1.002e+05,1.024e-01,nan,4.670e-01,-1.169e-03
run_125.nc,Cyril,IMFT,run_125.nc,saline water,Saline -- run03,IMFT,0.000e+00,nan,2.650e+03,nan,7.240e+00,9.982e+02,1.051e+03,nan,nan,2.000e+01,2.000e+01,9.900e-02,1.940e-01,2.021e-01,nan,nan,nan,1.051e+03,5.199e-01,3.242e-01,2.042e+00,6.886e+04,5.300e-02,nan,4.631e-01,-1.841e-03
run_126.nc,Cyril,IMFT,run_126.nc,saline water,Saline -- run04,IMFT,0.000e+00,nan,2.650e+03,nan,7.240e+00,9.983e+02,1.035e+03,nan,nan,2.000e+01,2.000e+01,9.900e-02,1.940e-01,2.021e-01,nan,nan,nan,1.035e+03,3.567e-01,2.685e-01,2.042e+00,5.615e+04,3.636e-02,nan,4.240e-01,-3.788e-03
run_127.nc,Cyril,IMFT,run_127.nc,saline water,Saline -- run05,IMFT,0.000e+00,nan,2.650e+03,nan,7.240e+00,9.983e+02,1.006e+03,nan,nan,2.000e+01,2.000e+01,9.900e-02,1.940e-01,2.021e-01,nan,nan,nan,1.006e+03,7.763e-02,1.253e-01,2.042e+00,2.547e+04,7.913e-03,nan,4.457e-01,-2.293e-03
run_128.nc,Cyril,IMFT,run_128.nc,saline water,Saline -- run06,IMFT,0.000e+00,nan,2.650e+03,nan,7.240e+00,9.983e+02,1.195e+03,nan,nan,2.000e+01,2.000e+01,9.900e-02,1.940e-01,2.021e-01,nan,nan,nan,1.195e+03,1.935e+00,6.253e-01,2.042e+00,1.511e+05,1.972e-01,nan,4.271e-01,-4.062e-03
run_129.nc,Cyril,IMFT,run_129.nc,saline water,Saline -- run07,IMFT,0.000e+00,nan,2.650e+03,nan,7.240e+00,9.983e+02,1.023e+03,nan,nan,2.000e+01,2.000e+01,9.900e-02,1.940e-01,2.021e-01,nan,nan,nan,1.023e+03,2.417e-01,2.210e-01,2.042e+00,4.570e+04,2.464e-02,nan,4.247e-01,-2.903e-03
run_130.nc,Cyril,IMFT,run_130.nc,saline water,Saline -- run08,IMFT,0.000e+00,nan,2.650e+03,nan,7.240e+00,9.983e+02,1.139e+03,nan,nan,2.000e+01,2.000e+01,9.900e-02,1.940e-01,2.021e-01,nan,nan,nan,1.139e+03,1.382e+00,5.284e-01,2.042e+00,1.216e+05,1.408e-01,nan,4.280e-01,-3.257e-03
run_131.nc,Cyril,IMFT,run_131.nc,saline water,Saline -- run09,IMFT,0.000e+00,nan,2.650e+03,nan,7.240e+00,9.985e+02,1.030e+03,nan,nan,2.000e+01,2.000e+01,9.900e-02,1.940e-01,2.021e-01,nan,nan,nan,1.030e+03,3.085e-01,2.497e-01,2.042e+00,5.198e+04,3.145e-02,nan,4.729e-01,-8.284e-04
run_132.nc,Cyril,IMFT,run_132.nc,saline water,Saline -- run10,IMFT,0.000e+00,nan,2.650e+03,nan,7.240e+00,9.985e+02,1.006e+03,nan,nan,2.000e+01,2.000e+01,9.900e-02,1.940e-01,2.021e-01,nan,nan,nan,1.006e+03,7.369e-02,1.220e-01,2.042e+00,2.481e+04,7.511e-03,nan,4.716e-01,-1.173e-03
run_133.nc,Cyril,IMFT,run_133.nc,saline water,Saline -- run11,IMFT,0.000e+00,nan,2.650e+03,nan,7.240e+00,9.985e+02,1.141e+03,nan,nan,2.000e+01,2.000e+01,9.900e-02,1.940e-01,2.021e-01,nan,nan,nan,1.141e+03,1.404e+00,5.327e-01,2.042e+00,1.229e+05,1.431e-01,nan,4.534e-01,-2.012e-03
run_134.nc,Cyril,IMFT,run_134.nc,saline water,Saline -- run12,IMFT,0.000e+00,nan,2.650e+03,nan,7.240e+00,9.985e+02,1.031e+03,nan,nan,2.000e+01,2.000e+01,9.900e-02,1.940e-01,2.021e-01,nan,nan,nan,1.031e+03,3.232e-01,2.556e-01,2.042e+00,5.328e+04,3.295e-02,nan,4.280e-01,-3.162e-03
run_135.nc,Cyril,IMFT,run_135.nc,saline water,Saline -- run13,IMFT,0.000e+00,nan,2.650e+03,nan,7.240e+00,9.985e+02,1.003e+03,nan,nan,2.000e+01,2.000e+01,9.900e-02,1.940e-01,2.021e-01,nan,nan,nan,1.003e+03,4.126e-02,9.132e-02,2.042e+00,1.851e+04,4.206e-03,nan,3.991e-01,-3.645e-03
run_136.nc,Cyril,IMFT,run_136.nc,saline water,Saline -- run14,IMFT,0.000e+00,nan,2.650e+03,nan,7.240e+00,9.985e+02,1.002e+03,nan,nan,2.000e+01,2.000e+01,9.900e-02,1.940e-01,2.021e-01,nan,nan,nan,1.002e+03,3.340e-02,8.217e-02,2.042e+00,1.664e+04,3.405e-03,nan,3.434e-01,-7.192e-03
run_137.nc,Cyril,IMFT,run_137.nc,saline water,Saline -- run15,IMFT,0.000e+00,nan,2.650e+03,nan,7.240e+00,9.985e+02,1.012e+03,nan,nan,2.000e+01,2.000e+01,9.900e-02,1.940e-01,2.021e-01,nan,nan,nan,1.012e+03,1.326e-01,1.637e-01,2.042e+00,3.349e+04,1.352e-02,nan,4.131e-01,-3.601e-03
run_138.nc,Cyril,IMFT,run_138.nc,silica sand,Sand120m_Theta0 -- run01,IMFT,2.919e-02,1.161e-04,2.650e+03,7.400e-03,0.000e+00,9.983e+02,9.983e+02,nan,nan,2.000e+01,2.000e+01,9.900e-02,1.940e-01,2.021e-01,nan,nan,1.212e-02,1.047e+03,4.738e-01,3.095e-01,2.042e+00,6.546e+04,4.830e-02,3.918e-02,4.153e-01,4.509e-03
run_139.nc,Cyril,IMFT,run_139.nc,silica sand,Sand120m_Theta0 -- run02,IMFT,4.382e-02,1.161e-04,2.650e+03,7.400e-03,0.000e+00,9.983e+02,9.983e+02,nan,nan,2.000e+01,2.000e+01,9.900e-02,1.940e-01,2.021e-01,nan,nan,1.212e-02,1.071e+03,7.113e-01,3.792e-01,2.042e+00,8.205e+04,7.251e-02,3.198e-02,3.913e-01,2.144e-03
run_140.nc,Cyril,IMFT,run_140.nc,silica sand,Sand120m_Theta0 -- run03,IMFT,1.946e-02,1.161e-04,2.650e+03,7.400e-03,0.000e+00,9.983e+02,9.983e+02,nan,nan,2.000e+01,2.000e+01,9.900e-02,1.940e-01,2.021e-01,nan,nan,1.212e-02,1.030e+03,3.159e-01,2.527e-01,2.042e+00,5.262e+04,3.220e-02,4.798e-02,3.562e-01,1.729e-03
run_141.nc,Cyril,IMFT,run_141.nc,silica sand,Sand120m_Theta0 -- run04,IMFT,9.780e-03,1.161e-04,2.650e+03,7.400e-03,0.000e+00,9.983e+02,9.983e+02,nan,nan,2.000e+01,2.000e+01,9.900e-02,1.940e-01,2.021e-01,nan,nan,1.212e-02,1.014e+03,1.587e-01,1.791e-01,2.042e+00,3.672e+04,1.618e-02,6.769e-02,3.976e-01,7.944e-03
run_142.nc,Cyril,IMFT,run_142.nc,silica sand,Sand120m_Theta0 -- run05,IMFT,5.891e-02,1.161e-04,2.650e+03,7.400e-03,0.000e+00,9.983e+02,9.983e+02,nan,nan,2.000e+01,2.000e+01,9.900e-02,1.940e-01,2.021e-01,nan,nan,1.212e-02,1.096e+03,9.562e-01,4.396e-01,2.042e+00,9.734e+04,9.747e-02,2.758e-02,4.831e-01,9.202e-03
run_143.nc,Cyril,IMFT,run_143.nc,silica sand,Sand120m_Theta0 -- run06,IMFT,7.291e-02,1.161e-04,2.650e+03,7.400e-03,0.000e+00,9.983e+02,9.983e+02,nan,nan,2.000e+01,2.000e+01,9.900e-02,1.940e-01,2.021e-01,nan,nan,1.212e-02,1.119e+03,1.183e+00,4.891e-01,2.042e+00,1.106e+05,1.206e-01,2.479e-02,4.995e-01,8.678e-03
run_144.nc,Cyril,IMFT,run_144.nc,silica sand,Sand120m_Theta0 -- run07,IMFT,1.458e-02,1.161e-04,2.650e+03,7.400e-03,0.000e+00,9.983e+02,9.983e+02,nan,nan,2.000e+01,2.000e+01,9.900e-02,1.940e-01,2.021e-01,nan,nan,1.212e-02,1.022e+03,2.367e-01,2.187e-01,2.042e+00,4.519e+04,2.413e-02,5.544e-02,4.046e-01,6.879e-03
run_145.nc,Cyril,IMFT,run_145.nc,silica sand,Sand120m_Theta0 -- run08,IMFT,6.844e-03,1.161e-04,2.650e+03,7.400e-03,0.000e+00,9.983e+02,9.983e+02,nan,nan,2.000e+01,2.000e+01,9.900e-02,1.940e-01,2.021e-01,nan,nan,1.212e-02,1.010e+03,1.111e-01,1.498e-01,2.042e+00,3.057e+04,1.132e-02,8.092e-02,3.952e-01,9.159e-03
run_146.nc,Cyril,IMFT,run_146.nc,silica sand,Sand120m_Theta0 -- run09,IMFT,9.732e-02,1.161e-04,2.650e+03,7.400e-03,0.000e+00,9.983e+02,9.983e+02,nan,nan,2.000e+01,2.000e+01,9.900e-02,1.940e-01,2.021e-01,nan,nan,1.212e-02,1.159e+03,1.580e+00,5.650e-01,2.042e+00,1.324e+05,1.610e-01,2.146e-02,4.390e-01,4.665e-03
run_147.nc,Cyril,IMFT,run_147.nc,silica sand,Sand120m_Theta0 -- run10,IMFT,2.432e-02,1.161e-04,2.650e+03,7.400e-03,0.000e+00,9.983e+02,9.983e+02,nan,nan,2.000e+01,2.000e+01,9.900e-02,1.940e-01,2.021e-01,nan,nan,1.212e-02,1.038e+03,3.948e-01,2.825e-01,2.042e+00,5.929e+04,4.024e-02,4.292e-02,3.978e-01,4.128e-03
run_148.nc,Cyril/Marie,IMFT/LEGI,run_148.nc,silica sand,Theta7 -- run01,LEGI,6.752e-02,1.161e-04,2.650e+03,7.400e-03,7.000e+00,9.980e+02,9.980e+02,nan,nan,2.100e+01,2.100e+01,1.000e-01,1.000e-01,2.958e-01,5.000e-01,nan,1.213e-02,1.110e+03,1.096e+00,5.695e-01,2.958e+00,1.869e+05,1.118e-01,2.129e-02,3.493e-01,2.478e-05
run_149.nc,Cyril/Marie,IMFT/LEGI,run_149.nc,silica sand,Theta7 -- run02,LEGI,3.565e-02,1.161e-04,2.650e+03,7.400e-03,7.000e+00,9.980e+02,9.980e+02,nan,nan,2.100e+01,2.100e+01,1.000e-01,1.000e-01,2.817e-01,5.000e-01,nan,1.213e-02,1.057e+03,5.789e-01,4.038e-01,2.817e+00,1.202e+05,5.901e-02,3.003e-02,3.554e-01,4.293e-04
run_150.nc,Cyril/Marie,IMFT/LEGI,run_150.nc,silica sand,Theta7 -- run03,LEGI,1.590e-02,1.161e-04,2.650e+03,7.400e-03,7.000e+00,9.980e+02,9.980e+02,nan,nan,2.100e+01,2.100e+01,1.000e-01,1.000e-01,3.155e-01,5.000e-01,nan,1.213e-02,1.024e+03,2.583e-01,2.854e-01,3.155e+00,9.224e+04,2.633e-02,4.248e-02,3.076e-01,-3.658e-04
run_151.nc,Cyril/Marie,IMFT/LEGI,run_151.nc,silica sand,Theta7 -- run04,LEGI,1.590e-02,1.161e-04,2.650e+03,7.400e-03,7.000e+00,9.980e+02,9.980e+02,nan,nan,2.100e+01,2.100e+01,1.000e-01,1.000e-01,3.155e-01,5.000e-01,nan,1.213e-02,1.024e+03,2.583e-01,2.854e-01,3.155e+00,9.224e+04,2.633e-02,4.248e-02,3.334e-01,1.185e-03
run_152.nc,Cyril/Marie,IMFT/LEGI,run_152.nc,silica sand,Theta7 -- run05,LEGI,7.080e-02,1.161e-04,2.650e+03,7.400e-03,7.000e+00,9.980e+02,9.980e+02,nan,nan,2.100e+01,2.100e+01,1.000e-01,1.000e-01,2.817e-01,5.000e-01,nan,1.213e-02,1.115e+03,1.150e+00,5.691e-01,2.817e+00,1.787e+05,1.172e-01,2.131e-02,3.327e-01,-3.844e-04
run_153.nc,Cyril/Marie,IMFT/LEGI,run_153.nc,silica sand,Theta7 -- run06,LEGI,9.151e-02,1.161e-04,2.650e+03,7.400e-03,7.000e+00,9.980e+02,9.980e+02,nan,nan,2.100e+01,2.100e+01,1.000e-01,1.000e-01,2.732e-01,5.000e-01,nan,1.213e-02,1.149e+03,1.486e+00,6.372e-01,2.732e+00,2.001e+05,1.515e-01,1.903e-02,3.621e-01,-1.728e-03
run_154.nc,Cyril/Marie,IMFT/LEGI,run_154.nc,silica sand,Theta10 -- run01,LEGI,3.393e-02,1.161e-04,2.650e+03,7.400e-03,1.000e+01,9.980e+02,9.980e+02,nan,nan,2.100e+01,2.100e+01,1.000e-01,1.000e-01,2.958e-01,5.000e-01,nan,1.213e-02,1.054e+03,5.509e-01,4.037e-01,2.958e+00,1.259e+05,5.616e-02,3.004e-02,3.774e-01,5.155e-04
run_155.nc,Cyril/Marie,IMFT/LEGI,run_155.nc,silica sand,Theta10 -- run02,LEGI,6.802e-02,1.161e-04,2.650e+03,7.400e-03,1.000e+01,9.980e+02,9.980e+02,nan,nan,2.100e+01,2.100e+01,1.000e-01,1.000e-01,2.901e-01,5.000e-01,nan,1.213e-02,1.110e+03,1.105e+00,5.661e-01,2.901e+00,1.824e+05,1.126e-01,2.142e-02,3.571e-01,-2.435e-03
run_156.nc,Cyril/Marie,IMFT/LEGI,run_156.nc,silica sand,Theta10 -- run03,LEGI,1.648e-02,1.161e-04,2.650e+03,7.400e-03,1.000e+01,9.980e+02,9.980e+02,nan,nan,2.100e+01,2.100e+01,1.000e-01,1.000e-01,3.070e-01,5.000e-01,nan,1.213e-02,1.025e+03,2.676e-01,2.866e-01,3.070e+00,9.023e+04,2.728e-02,4.231e-02,3.681e-01,7.664e-04
run_157.nc,Cyril/Marie,IMFT/LEGI,run_157.nc,silica sand,Theta10 -- run04,LEGI,3.527e-02,1.161e-04,2.650e+03,7.400e-03,1.000e+01,9.980e+02,9.980e+02,nan,nan,2.100e+01,2.100e+01,1.000e-01,1.000e-01,2.845e-01,5.000e-01,nan,1.213e-02,1.056e+03,5.728e-01,4.037e-01,2.845e+00,1.213e+05,5.839e-02,3.004e-02,4.079e-01,2.032e-03
run_158.nc,Cyril/Marie,IMFT/LEGI,run_158.nc,silica sand,Theta10 -- run05,LEGI,6.722e-02,1.161e-04,2.650e+03,7.400e-03,1.000e+01,9.980e+02,9.980e+02,nan,nan,2.100e+01,2.100e+01,1.000e-01,1.000e-01,2.930e-01,5.000e-01,nan,1.213e-02,1.109e+03,1.092e+00,5.655e-01,2.930e+00,1.837e+05,1.113e-01,2.144e-02,4.070e-01,3.516e-04
run_159.nc,Cyril/Marie,IMFT/LEGI,run_159.nc,silica sand,Theta10 -- run06,LEGI,1.509e-02,1.161e-04,2.650e+03,7.400e-03,1.000e+01,9.980e+02,9.980e+02,nan,nan,2.100e+01,2.100e+01,1.000e-01,1.000e-01,3.352e-01,5.000e-01,nan,1.213e-02,1.023e+03,2.451e-01,2.866e-01,3.352e+00,9.828e+04,2.498e-02,4.231e-02,3.823e-01,1.942e-03
run_160.nc,Cyril/Marie,IMFT/LEGI,run_160.nc,silica sand,Theta10 -- run07,LEGI,1.176e-02,1.161e-04,2.650e+03,7.400e-03,1.000e+01,9.980e+02,9.980e+02,nan,nan,2.100e+01,2.100e+01,1.000e-01,1.000e-01,2.845e-01,5.000e-01,nan,1.213e-02,1.017e+03,1.909e-01,2.331e-01,2.845e+00,6.746e+04,1.946e-02,5.203e-02,3.440e-01,7.857e-04
run_161.nc,Cyril/Marie,IMFT/LEGI,run_161.nc,silica sand,Theta15 -- run01,LEGI,2.896e-02,1.161e-04,2.650e+03,7.400e-03,1.500e+01,9.980e+02,9.980e+02,nan,nan,2.100e+01,2.100e+01,1.000e-01,1.000e-01,3.465e-01,5.000e-01,nan,1.213e-02,1.046e+03,4.703e-01,4.037e-01,3.465e+00,1.463e+05,4.794e-02,3.004e-02,3.709e-01,6.167e-04
run_162.nc,Cyril/Marie,IMFT/LEGI,run_162.nc,silica sand,Theta15 -- run02,LEGI,1.605e-02,1.161e-04,2.650e+03,7.400e-03,1.500e+01,9.980e+02,9.980e+02,nan,nan,2.100e+01,2.100e+01,1.000e-01,1.000e-01,3.127e-01,5.000e-01,nan,1.213e-02,1.025e+03,2.606e-01,2.854e-01,3.127e+00,9.144e+04,2.656e-02,4.248e-02,4.121e-01,2.463e-03
run_163.nc,Cyril/Marie,IMFT/LEGI,run_163.nc,silica sand,Theta15 -- run03,LEGI,8.795e-02,1.161e-04,2.650e+03,7.400e-03,1.500e+01,9.980e+02,9.980e+02,nan,nan,2.100e+01,2.100e+01,1.000e-01,1.000e-01,2.254e-01,5.000e-01,nan,1.213e-02,1.143e+03,1.428e+00,5.673e-01,2.254e+00,1.462e+05,1.456e-01,2.138e-02,4.261e-01,-1.746e-03
run_164.nc,Cyril/Marie,IMFT/LEGI,run_164.nc,silica sand,Theta15 -- run04,LEGI,9.151e-02,1.161e-04,2.650e+03,7.400e-03,1.500e+01,9.980e+02,9.980e+02,nan,nan,2.100e+01,2.100e+01,1.000e-01,1.000e-01,2.732e-01,5.000e-01,nan,1.213e-02,1.149e+03,1.486e+00,6.372e-01,2.732e+00,2.001e+05,1.515e-01,1.903e-02,3.988e-01,-3.306e-03
run_165.nc,Cyril/Marie,IMFT/LEGI,run_165.nc,silica sand,Theta15 -- run05,LEGI,3.535e-02,1.161e-04,2.650e+03,7.400e-03,1.500e+01,9.980e+02,9.980e+02,nan,nan,2.100e+01,2.100e+01,1.000e-01,1.000e-01,2.845e-01,5.000e-01,nan,1.213e-02,1.056e+03,5.740e-01,4.041e-01,2.845e+00,1.215e+05,5.851e-02,3.001e-02,3.850e-01,-1.904e-03
run_166.nc,Cyril/Marie,IMFT/LEGI,run_166.nc,silica sand,Theta15 -- run06,LEGI,6.312e-02,1.161e-04,2.650e+03,7.400e-03,1.500e+01,9.980e+02,9.980e+02,nan,nan,2.100e+01,2.100e+01,1.000e-01,1.000e-01,3.127e-01,5.000e-01,nan,1.213e-02,1.102e+03,1.025e+00,5.661e-01,3.127e+00,1.951e+05,1.045e-01,2.142e-02,4.021e-01,4.209e-04
run_167.nc,Cyril/Marie,IMFT/LEGI,run_167.nc,silica sand,Theta15 -- run07,LEGI,8.847e-03,1.161e-04,2.650e+03,7.400e-03,1.500e+01,9.980e+02,9.980e+02,nan,nan,2.100e+01,2.100e+01,1.000e-01,1.000e-01,2.845e-01,5.000e-01,nan,1.213e-02,1.013e+03,1.437e-01,2.022e-01,2.845e+00,5.825e+04,1.465e-02,5.998e-02,3.953e-01,1.724e-03
run_168.nc,Cyril/Marie,IMFT/LEGI,run_168.nc,silica sand,Theta15 -- run08,LEGI,1.297e-02,1.161e-04,2.650e+03,7.400e-03,1.500e+01,9.980e+02,9.980e+02,nan,nan,2.100e+01,2.100e+01,1.000e-01,1.000e-01,1.380e-01,5.000e-01,nan,1.213e-02,1.019e+03,2.105e-01,1.705e-01,1.380e+00,2.399e+04,2.146e-02,7.114e-02,4.628e-01,8.551e-03
run_169.nc,Jean,LEMTA,run_169.nc,polystyren beads,run1.nc,LEMTA,3.290e-02,1.000e-03,1.038e+03,nan,0.000e+00,1.015e+03,1.040e+03,1.000e-03,1.000e-03,1.480e+01,1.480e+01,1.000e-01,1.000e-01,2.850e-01,2.900e-01,2.000e-01,-5.450e-04,1.039e+03,2.365e-01,2.596e-01,2.850e+00,7.691e+04,2.411e-02,-2.099e-03,4.326e-01,0.000e+00
run_170.nc,Jean,LEMTA,run_170.nc,polystyren beads,run10.nc,LEMTA,5.516e-01,1.000e-03,1.038e+03,nan,0.000e+00,1.014e+03,1.038e+03,1.000e-03,1.000e-03,1.480e+01,1.480e+01,1.000e-01,1.000e-01,2.000e-01,2.000e-01,2.000e-01,0.000e+00,1.038e+03,2.370e-01,2.177e-01,2.000e+00,4.522e+04,2.416e-02,0.000e+00,2.974e-01,0.000e+00
run_171.nc,Jean,LEMTA,run_171.nc,polystyren beads,run11.nc,LEMTA,6.014e-01,1.000e-03,1.038e+03,nan,0.000e+00,1.014e+03,1.038e+03,1.000e-03,1.000e-03,1.480e+01,1.480e+01,1.000e-01,1.000e-01,2.000e-01,2.000e-01,2.000e-01,0.000e+00,1.038e+03,2.370e-01,2.177e-01,2.000e+00,4.522e+04,2.416e-02,0.000e+00,1.609e-01,0.000e+00
run_172.nc,Jean,LEMTA,run_172.nc,polystyren beads,run12.nc,LEMTA,5.828e-01,1.000e-03,1.038e+03,nan,0.000e+00,1.014e+03,1.038e+03,1.000e-03,1.000e-03,1.480e+01,1.480e+01,1.000e-01,1.000e-01,2.200e-01,2.000e-01,2.000e-01,0.000e+00,1.038e+03,2.370e-01,2.284e-01,2.200e+00,5.217e+04,2.416e-02,0.000e+00,2.207e-01,0.000e+00
run_173.nc,Jean,LEMTA,run_173.nc,polystyren beads,run2.nc,LEMTA,7.450e-02,1.000e-03,1.038e+03,nan,0.000e+00,1.004e+03,1.029e+03,1.000e-03,1.000e-03,1.480e+01,1.480e+01,1.000e-01,1.000e-01,2.700e-01,2.900e-01,2.000e-01,5.396e-03,1.029e+03,2.466e-01,2.580e-01,2.700e+00,7.171e+04,2.513e-02,2.091e-02,4.689e-01,0.000e+00
run_174.nc,Jean,LEMTA,run_174.nc,polystyren beads,run3.nc,LEMTA,1.041e-01,1.000e-03,1.038e+03,nan,0.000e+00,1.012e+03,1.036e+03,1.000e-03,1.000e-03,1.480e+01,1.480e+01,1.000e-01,1.000e-01,2.650e-01,2.700e-01,2.000e-01,1.090e-03,1.037e+03,2.395e-01,2.519e-01,2.650e+00,6.921e+04,2.442e-02,4.327e-03,4.367e-01,0.000e+00
run_175.nc,Jean,LEMTA,run_175.nc,polystyren beads,run4.nc,LEMTA,2.150e-01,1.000e-03,1.038e+03,nan,0.000e+00,1.013e+03,1.038e+03,1.000e-03,1.000e-03,1.480e+01,1.480e+01,1.000e-01,1.000e-01,2.850e-01,2.900e-01,2.000e-01,4.360e-04,1.038e+03,2.389e-01,2.609e-01,2.850e+00,7.718e+04,2.435e-02,1.671e-03,4.216e-01,0.000e+00
run_176.nc,Jean,LEMTA,run_176.nc,polystyren beads,run5.nc,LEMTA,3.386e-01,1.000e-03,1.038e+03,nan,0.000e+00,1.011e+03,1.036e+03,1.000e-03,1.000e-03,1.480e+01,1.480e+01,1.000e-01,1.000e-01,2.550e-01,2.620e-01,2.000e-01,1.635e-03,1.037e+03,2.476e-01,2.513e-01,2.550e+00,6.641e+04,2.524e-02,6.507e-03,4.282e-01,0.000e+00
run_177.nc,Jean,LEMTA,run_177.nc,polystyren beads,run6.nc,LEMTA,4.423e-01,1.000e-03,1.038e+03,nan,0.000e+00,1.010e+03,1.034e+03,1.000e-03,1.000e-03,1.480e+01,1.480e+01,1.000e-01,1.000e-01,2.510e-01,2.520e-01,2.000e-01,2.180e-03,1.036e+03,2.551e-01,2.531e-01,2.510e+00,6.582e+04,2.601e-02,8.614e-03,3.677e-01,0.000e+00
run_178.nc,Jean,LEMTA,run_178.nc,polystyren beads,run7.nc,LEMTA,3.000e-01,1.000e-03,1.038e+03,nan,0.000e+00,1.011e+03,1.036e+03,1.000e-03,1.000e-03,1.480e+01,1.480e+01,1.000e-01,1.000e-01,2.560e-01,2.600e-01,2.000e-01,1.526e-03,1.037e+03,2.458e-01,2.509e-01,2.560e+00,6.657e+04,2.506e-02,6.083e-03,4.151e-01,0.000e+00
run_179.nc,Jean,LEMTA,run_179.nc,polystyren beads,run8.nc,LEMTA,4.077e-01,1.000e-03,1.038e+03,nan,0.000e+00,1.014e+03,1.038e+03,1.000e-03,1.000e-03,1.480e+01,1.480e+01,1.000e-01,1.000e-01,1.990e-01,2.000e-01,2.000e-01,0.000e+00,1.038e+03,2.370e-01,2.172e-01,1.990e+00,4.488e+04,2.416e-02,0.000e+00,4.245e-01,0.000e+00
run_180.nc,Jean,LEMTA,run_180.nc,polystyren beads,run9.nc,LEMTA,5.000e-01,1.000e-03,1.038e+03,nan,0.000e+00,1.014e+03,1.038e+03,1.000e-03,1.000e-03,1.480e+01,1.480e+01,1.000e-01,1.000e-01,1.990e-01,2.000e-01,2.000e-01,1.635e-04,1.038e+03,2.385e-01,2.179e-01,1.990e+00,4.502e+04,2.432e-02,7.504e-04,2.974e-01,0.000e+00
run_181.nc,Julien,LEGI,run_181.nc,glass beads,Julien -- run01_front.nc,NUM,1.500e-02,6.000e-05,2.650e+03,2.228e-05,0.000e+00,1.000e+03,1.000e+03,-,-,-,-,1.000e-01,1.000e+00,2.000e-01,-,-,3.237e-03,1.025e+03,2.428e-01,2.204e-01,2.000e-02,4.516e+04,2.475e-02,1.469e-02,4.658e-01,4.728e-03
run_182.nc,Julien,LEGI,run_182.nc,glass beads,Julien -- run02_front.nc,NUM,1.500e-02,6.000e-05,2.650e+03,2.228e-05,2.865e+00,1.000e+03,1.000e+03,-,-,-,-,1.000e-01,1.000e+00,2.000e-01,-,-,3.237e-03,1.025e+03,2.428e-01,2.204e-01,2.000e-02,4.516e+04,2.475e-02,1.469e-02,4.587e-01,5.400e-04
run_183.nc,Julien,LEGI,run_183.nc,glass beads,Julien -- run03_front.nc,NUM,1.500e-02,6.000e-05,2.650e+03,2.228e-05,5.735e+00,1.000e+03,1.000e+03,-,-,-,-,1.000e-01,1.000e+00,2.000e-01,-,-,3.237e-03,1.025e+03,2.428e-01,2.204e-01,2.000e-02,4.516e+04,2.475e-02,1.469e-02,4.806e-01,-6.840e-04
run_184.nc,Julien,LEGI,run_184.nc,glass beads,Julien -- run04_front.nc,NUM,1.500e-02,6.000e-05,2.650e+03,2.228e-05,2.358e+01,1.000e+03,1.000e+03,-,-,-,-,1.000e-01,1.000e+00,2.000e-01,-,-,3.237e-03,1.025e+03,2.428e-01,2.204e-01,2.000e-02,4.516e+04,2.475e-02,1.469e-02,6.803e-01,6.120e-03
run_185.nc,Julien,LEGI,run_185.nc,glass beads,Julien -- run05_front.nc,NUM,1.500e-02,6.000e-05,2.650e+03,2.228e-05,4.443e+01,1.000e+03,1.000e+03,-,-,-,-,1.000e-01,1.000e+00,2.000e-01,-,-,3.237e-03,1.025e+03,2.428e-01,2.204e-01,2.000e-02,4.516e+04,2.475e-02,1.469e-02,7.124e-01,8.917e-03
run_186.nc,Julien,LEGI,run_186.nc,glass beads,Julien -- run06_front.nc,NUM,1.000e-01,6.000e-05,2.650e+03,2.228e-05,0.000e+00,1.000e+03,1.000e+03,-,-,-,-,1.000e-01,1.000e+00,2.000e-01,-,-,3.237e-03,1.165e+03,1.619e+00,5.690e-01,2.000e-02,1.326e+05,1.650e-01,5.690e-03,nan,nan
run_187.nc,Julien,LEGI,run_187.nc,glass beads,Julien -- run07_front.nc,NUM,1.000e-01,6.000e-05,2.650e+03,2.228e-05,5.735e+00,1.000e+03,1.000e+03,-,-,-,-,1.000e-01,1.000e+00,2.000e-01,-,-,3.237e-03,1.165e+03,1.619e+00,5.690e-01,2.000e-02,1.326e+05,1.650e-01,5.690e-03,nan,nan
run_188.nc,Julien,LEGI,run_188.nc,glass beads,Julien -- run08_front.nc,NUM,1.000e-01,6.000e-05,2.650e+03,2.228e-05,4.443e+01,1.000e+03,1.000e+03,-,-,-,-,1.000e-01,1.000e+00,2.000e-01,-,-,3.237e-03,1.165e+03,1.619e+00,5.690e-01,2.000e-02,1.326e+05,1.650e-01,5.690e-03,nan,nan
run_189.nc,Julien,LEGI,run_189.nc,glass beads,Julien -- run02_front.nc,NUM,4.615e-01,2.500e-04,1.190e+03,5.500e-03,4.540e+01,1.000e+03,1.000e+03,-,-,-,-,3.000e-01,1.000e+00,5.000e-01,-,-,6.472e-03,1.088e+03,8.602e-01,6.558e-01,1.667e+00,3.567e+05,8.768e-02,9.868e-03,6.906e-01,1.455e-02
run_190.nc,Julien,LEGI,run_190.nc,glass beads,Julien -- run07_front.nc,NUM,1.710e-02,2.500e-04,1.190e+03,5.500e-03,4.540e+01,1.000e+03,1.000e+03,-,-,-,-,3.000e-01,1.000e+00,5.000e-01,-,-,6.472e-03,1.003e+03,3.187e-02,1.262e-01,1.667e+00,6.332e+04,3.249e-03,5.127e-02,7.828e-01,1.837e-02
run_191.nc,Julien,LEGI,run_191.nc,glass beads,Julien -- run16_front.nc,NUM,1.640e-02,2.500e-04,1.190e+03,5.500e-03,3.190e+01,1.000e+03,1.000e+03,-,-,-,-,3.000e-01,1.000e+00,5.000e-01,-,-,6.472e-03,1.003e+03,3.057e-02,1.236e-01,1.667e+00,6.201e+04,3.116e-03,5.235e-02,6.756e-01,8.587e-03
run_192.nc,Julien,LEGI,run_192.nc,glass beads,Julien -- run37_front.nc,NUM,1.540e-02,2.500e-04,1.190e+03,5.500e-03,0.000e+00,1.000e+03,1.000e+03,-,-,-,-,3.000e-01,1.000e+00,5.000e-01,-,-,6.472e-03,1.003e+03,2.870e-02,1.198e-01,1.667e+00,6.008e+04,2.926e-03,5.402e-02,4.873e-01,1.463e-02
run_193.nc,Julien,LEGI,run_193.nc,glass beads,Julien -- run37a_front.nc,NUM,2.000e-01,2.000e-04,1.190e+03,3.800e-03,0.000e+00,1.000e+03,1.000e+03,-,-,-,-,3.000e-01,1.000e+00,5.000e-01,-,-,4.142e-03,1.038e+03,3.728e-01,4.317e-01,1.667e+00,2.241e+05,3.800e-02,9.594e-03,5.481e-01,1.228e-02
run_194.nc,Julien,LEGI,run_194.nc,glass beads,Julien -- run37b_front.nc,NUM,4.000e-01,2.000e-04,1.190e+03,3.800e-03,0.000e+00,1.000e+03,1.000e+03,-,-,-,-,3.000e-01,1.000e+00,5.000e-01,-,-,4.142e-03,1.076e+03,7.456e-01,6.106e-01,1.667e+00,3.285e+05,7.600e-02,6.784e-03,4.424e-01,3.113e-03
run_195.nc,Julien,LEGI,run_195.nc,glass beads,Julien -- run37c_front.nc,NUM,5.000e-01,2.000e-04,1.190e+03,3.800e-03,0.000e+00,1.000e+03,1.000e+03,-,-,-,-,3.000e-01,1.000e+00,5.000e-01,-,-,4.142e-03,1.095e+03,9.320e-01,6.826e-01,1.667e+00,3.737e+05,9.500e-02,6.068e-03,3.384e-01,-6.416e-04
run_196.nc,Julien,LEGI,run_196.nc,glass beads,Julien -- run37d_front.nc,NUM,5.700e-01,2.000e-04,1.190e+03,3.800e-03,0.000e+00,1.000e+03,1.000e+03,-,-,-,-,3.000e-01,1.000e+00,5.000e-01,-,-,4.142e-03,1.108e+03,1.062e+00,7.288e-01,1.667e+00,4.039e+05,1.083e-01,5.683e-03,2.025e-01,-3.888e-03
run_197.nc,Julien,LEGI,run_197.nc,glass beads,Julien -- run42_front.nc,NUM,1.440e-02,2.500e-04,1.190e+03,5.500e-03,7.000e+00,1.000e+03,1.000e+03,-,-,-,-,3.000e-01,1.000e+00,5.000e-01,-,-,6.472e-03,1.003e+03,2.684e-02,1.158e-01,1.667e+00,5.808e+04,2.736e-03,5.587e-02,4.616e-01,1.710e-02
run_198.nc,Julien,LEGI,run_198.nc,glass beads,Julien -- run42b_front.nc,NUM,1.440e-02,6.500e-04,1.190e+03,2.170e-02,7.000e+00,1.000e+03,1.000e+03,-,-,-,-,3.000e-01,1.000e+00,5.000e-01,-,-,4.375e-02,1.003e+03,2.684e-02,1.158e-01,1.667e+00,5.808e+04,2.736e-03,3.777e-01,5.130e-01,4.129e-02
run_199.nc,Julien,LEGI,run_199.nc,glass beads,Julien -- run42c_front.nc,NUM,1.440e-02,1.000e-04,1.190e+03,1.000e-03,7.000e+00,1.000e+03,1.000e+03,-,-,-,-,3.000e-01,1.000e+00,5.000e-01,-,-,1.036e-03,1.003e+03,2.684e-02,1.158e-01,1.667e+00,5.808e+04,2.736e-03,8.939e-03,4.982e-01,1.129e-02
run_200.nc,Rastello,LEGI,run_200.nc,PMMA,Rastello -- run_1.nc,LEGI,4.646e-01,2.500e-04,1.190e+03,nan,4.540e+01,1.000e+03,1.000e+03,1.000e-06,1.000e-06,nan,nan,3.000e-01,1.000e-01,1.714e-01,5.000e-01,-,6.472e-03,1.088e+03,8.659e-01,3.853e-01,5.715e-01,7.189e+04,8.827e-02,1.680e-02,2.191e-01,-2.257e-03
run_201.nc,Rastello,LEGI,run_201.nc,PMMA,Rastello -- run_10.nc,LEGI,1.807e-02,2.500e-04,1.190e+03,nan,4.540e+01,1.000e+03,1.000e+03,1.000e-06,1.000e-06,nan,nan,3.000e-01,1.000e-01,5.000e-01,5.000e-01,-,6.472e-03,1.003e+03,3.368e-02,1.298e-01,1.667e+00,6.511e+04,3.433e-03,4.987e-02,1.003e+00,4.142e-03
run_202.nc,Rastello,LEGI,run_202.nc,PMMA,Rastello -- run_11.nc,LEGI,1.478e-02,2.500e-04,1.190e+03,nan,4.540e+01,1.000e+03,1.000e+03,1.000e-06,1.000e-06,nan,nan,3.000e-01,1.000e-01,5.000e-01,5.000e-01,-,6.472e-03,1.003e+03,2.756e-02,1.174e-01,1.667e+00,5.886e+04,2.809e-03,5.513e-02,1.281e+00,5.238e-02
run_203.nc,Rastello,LEGI,run_203.nc,PMMA,Rastello -- run_12.nc,LEGI,1.675e-02,2.500e-04,1.190e+03,nan,4.540e+01,1.000e+03,1.000e+03,1.000e-06,1.000e-06,nan,nan,3.000e-01,1.000e-01,5.000e-01,5.000e-01,-,6.472e-03,1.003e+03,3.122e-02,1.249e-01,1.667e+00,6.267e+04,3.183e-03,5.180e-02,1.148e+00,3.073e-02
run_204.nc,Rastello,LEGI,run_204.nc,PMMA,Rastello -- run_13.nc,LEGI,2.006e-02,2.500e-04,1.190e+03,nan,3.190e+01,1.000e+03,1.000e+03,1.000e-06,1.000e-06,nan,nan,3.000e-01,1.000e-01,5.000e-01,5.000e-01,-,6.472e-03,1.004e+03,3.738e-02,1.367e-01,1.667e+00,6.862e+04,3.811e-03,4.734e-02,6.316e-01,3.567e-02
run_205.nc,Rastello,LEGI,run_205.nc,PMMA,Rastello -- run_14.nc,LEGI,1.708e-02,2.500e-04,1.190e+03,nan,3.190e+01,1.000e+03,1.000e+03,1.000e-06,1.000e-06,nan,nan,3.000e-01,1.000e-01,5.000e-01,5.000e-01,-,6.472e-03,1.003e+03,3.184e-02,1.262e-01,1.667e+00,6.329e+04,3.245e-03,5.130e-02,7.985e-01,5.111e-02
run_206.nc,Rastello,LEGI,run_206.nc,PMMA,Rastello -- run_15.nc,LEGI,1.774e-02,2.500e-04,1.190e+03,nan,3.190e+01,1.000e+03,1.000e+03,1.000e-06,1.000e-06,nan,nan,3.000e-01,1.000e-01,5.000e-01,5.000e-01,-,6.472e-03,1.003e+03,3.306e-02,1.286e-01,1.667e+00,6.450e+04,3.370e-03,5.034e-02,8.927e-01,5.537e-02
run_207.nc,Rastello,LEGI,run_207.nc,PMMA,Rastello -- run_16.nc,LEGI,1.642e-02,2.500e-04,1.190e+03,nan,3.190e+01,1.000e+03,1.000e+03,1.000e-06,1.000e-06,nan,nan,3.000e-01,1.000e-01,5.000e-01,5.000e-01,-,6.472e-03,1.003e+03,3.061e-02,1.237e-01,1.667e+00,6.205e+04,3.120e-03,5.231e-02,8.564e-01,4.606e-02
run_208.nc,Rastello,LEGI,run_208.nc,PMMA,Rastello -- run_17.nc,LEGI,2.006e-02,2.500e-04,1.190e+03,nan,3.190e+01,1.000e+03,1.000e+03,1.000e-06,1.000e-06,nan,nan,3.000e-01,1.000e-01,5.000e-01,5.000e-01,-,6.472e-03,1.004e+03,3.738e-02,1.367e-01,1.667e+00,6.862e+04,3.811e-03,4.734e-02,9.495e-01,5.891e-02
run_209.nc,Rastello,LEGI,run_209.nc,PMMA,Rastello -- run_18.nc,LEGI,1.807e-02,2.500e-04,1.190e+03,nan,3.780e+01,1.000e+03,1.000e+03,1.000e-06,1.000e-06,nan,nan,3.000e-01,1.000e-01,5.000e-01,5.000e-01,-,6.472e-03,1.003e+03,3.368e-02,1.298e-01,1.667e+00,6.511e+04,3.433e-03,4.987e-02,7.970e-01,-9.840e-04
run_210.nc,Rastello,LEGI,run_210.nc,PMMA,Rastello -- run_19.nc,LEGI,1.381e-02,2.500e-04,1.190e+03,nan,3.780e+01,1.000e+03,1.000e+03,1.000e-06,1.000e-06,nan,nan,3.000e-01,1.000e-01,5.000e-01,5.000e-01,-,6.472e-03,1.003e+03,2.574e-02,1.134e-01,1.667e+00,5.687e+04,2.623e-03,5.705e-02,8.861e-01,2.266e-02
run_211.nc,Rastello,LEGI,run_211.nc,PMMA,Rastello -- run_2.nc,LEGI,4.615e-01,2.500e-04,1.190e+03,nan,4.540e+01,1.000e+03,1.000e+03,1.000e-06,1.000e-06,nan,nan,3.000e-01,1.000e-01,1.694e-01,5.000e-01,-,6.472e-03,1.088e+03,8.602e-01,3.818e-01,5.648e-01,7.036e+04,8.769e-02,1.695e-02,2.206e-01,-1.011e-03
run_212.nc,Rastello,LEGI,run_212.nc,PMMA,Rastello -- run_20.nc,LEGI,1.348e-02,2.500e-04,1.190e+03,nan,3.780e+01,1.000e+03,1.000e+03,1.000e-06,1.000e-06,nan,nan,3.000e-01,1.000e-01,5.000e-01,5.000e-01,-,6.472e-03,1.003e+03,2.513e-02,1.121e-01,1.667e+00,5.619e+04,2.562e-03,5.774e-02,7.410e-01,1.088e-02
run_213.nc,Rastello,LEGI,run_213.nc,PMMA,Rastello -- run_21.nc,LEGI,1.939e-02,2.500e-04,1.190e+03,nan,3.780e+01,1.000e+03,1.000e+03,1.000e-06,1.000e-06,nan,nan,3.000e-01,1.000e-01,5.000e-01,5.000e-01,-,6.472e-03,1.004e+03,3.615e-02,1.344e-01,1.667e+00,6.747e+04,3.685e-03,4.814e-02,9.781e-01,6.356e-02
run_214.nc,Rastello,LEGI,run_214.nc,PMMA,Rastello -- run_22.nc,LEGI,1.774e-02,2.500e-04,1.190e+03,nan,3.780e+01,1.000e+03,1.000e+03,1.000e-06,1.000e-06,nan,nan,3.000e-01,1.000e-01,5.000e-01,5.000e-01,-,6.472e-03,1.003e+03,3.306e-02,1.286e-01,1.667e+00,6.450e+04,3.370e-03,5.034e-02,9.122e-01,-2.429e-02
run_215.nc,Rastello,LEGI,run_215.nc,PMMA,Rastello -- run_23.nc,LEGI,1.609e-02,2.500e-04,1.190e+03,nan,2.760e+01,1.000e+03,1.000e+03,1.000e-06,1.000e-06,nan,nan,3.000e-01,1.000e-01,5.000e-01,5.000e-01,-,6.472e-03,1.003e+03,3.000e-02,1.225e-01,1.667e+00,6.142e+04,3.058e-03,5.284e-02,8.401e-01,1.753e-02
run_216.nc,Rastello,LEGI,run_216.nc,PMMA,Rastello -- run_24.nc,LEGI,1.544e-02,2.500e-04,1.190e+03,nan,2.760e+01,1.000e+03,1.000e+03,1.000e-06,1.000e-06,nan,nan,3.000e-01,1.000e-01,5.000e-01,5.000e-01,-,6.472e-03,1.003e+03,2.878e-02,1.199e-01,1.667e+00,6.015e+04,2.933e-03,5.395e-02,6.295e-01,8.699e-03
run_217.nc,Rastello,LEGI,run_217.nc,PMMA,Rastello -- run_25.nc,LEGI,1.774e-02,2.500e-04,1.190e+03,nan,2.760e+01,1.000e+03,1.000e+03,1.000e-06,1.000e-06,nan,nan,3.000e-01,1.000e-01,5.000e-01,5.000e-01,-,6.472e-03,1.003e+03,3.306e-02,1.286e-01,1.667e+00,6.450e+04,3.370e-03,5.034e-02,5.868e-01,1.696e-02
run_218.nc,Rastello,LEGI,run_218.nc,PMMA,Rastello -- run_26.nc,LEGI,1.544e-02,2.500e-04,1.190e+03,nan,2.760e+01,1.000e+03,1.000e+03,1.000e-06,1.000e-06,nan,nan,3.000e-01,1.000e-01,5.000e-01,5.000e-01,-,6.472e-03,1.003e+03,2.878e-02,1.199e-01,1.667e+00,6.015e+04,2.933e-03,5.395e-02,7.661e-01,2.834e-02
run_219.nc,Rastello,LEGI,run_219.nc,PMMA,Rastello -- run_27.nc,LEGI,1.381e-02,2.500e-04,1.190e+03,nan,2.760e+01,1.000e+03,1.000e+03,1.000e-06,1.000e-06,nan,nan,3.000e-01,1.000e-01,5.000e-01,5.000e-01,-,6.472e-03,1.003e+03,2.574e-02,1.134e-01,1.667e+00,5.687e+04,2.623e-03,5.705e-02,8.087e-01,4.536e-03
run_220.nc,Rastello,LEGI,run_220.nc,PMMA,Rastello -- run_28.nc,LEGI,1.511e-02,2.500e-04,1.190e+03,nan,2.400e+01,1.000e+03,1.000e+03,1.000e-06,1.000e-06,nan,nan,3.000e-01,1.000e-01,5.000e-01,5.000e-01,-,6.472e-03,1.003e+03,2.817e-02,1.187e-01,1.667e+00,5.951e+04,2.871e-03,5.454e-02,6.953e-01,1.995e-02
run_221.nc,Rastello,LEGI,run_221.nc,PMMA,Rastello -- run_29.nc,LEGI,1.708e-02,2.500e-04,1.190e+03,nan,2.400e+01,1.000e+03,1.000e+03,1.000e-06,1.000e-06,nan,nan,3.000e-01,1.000e-01,5.000e-01,5.000e-01,-,6.472e-03,1.003e+03,3.184e-02,1.262e-01,1.667e+00,6.329e+04,3.245e-03,5.130e-02,6.364e-01,1.202e-03
run_222.nc,Rastello,LEGI,run_222.nc,PMMA,Rastello -- run_3.nc,LEGI,4.499e-01,2.500e-04,1.190e+03,nan,4.540e+01,1.000e+03,1.000e+03,1.000e-06,1.000e-06,nan,nan,3.000e-01,1.000e-01,1.634e-01,5.000e-01,-,6.472e-03,1.085e+03,8.386e-01,3.702e-01,5.448e-01,6.568e+04,8.548e-02,1.748e-02,1.912e-01,-5.006e-03
run_223.nc,Rastello,LEGI,run_223.nc,PMMA,Rastello -- run_30.nc,LEGI,1.544e-02,2.500e-04,1.190e+03,nan,2.400e+01,1.000e+03,1.000e+03,1.000e-06,1.000e-06,nan,nan,3.000e-01,1.000e-01,5.000e-01,5.000e-01,-,6.472e-03,1.003e+03,2.878e-02,1.199e-01,1.667e+00,6.015e+04,2.933e-03,5.395e-02,6.896e-01,2.600e-02
run_224.nc,Rastello,LEGI,run_224.nc,PMMA,Rastello -- run_31.nc,LEGI,1.577e-02,2.500e-04,1.190e+03,nan,2.400e+01,1.000e+03,1.000e+03,1.000e-06,1.000e-06,nan,nan,3.000e-01,1.000e-01,5.000e-01,5.000e-01,-,6.472e-03,1.003e+03,2.939e-02,1.212e-01,1.667e+00,6.079e+04,2.996e-03,5.339e-02,6.551e-01,1.420e-02
run_225.nc,Rastello,LEGI,run_225.nc,PMMA,Rastello -- run_32.nc,LEGI,1.154e-02,2.500e-04,1.190e+03,nan,2.400e+01,1.000e+03,1.000e+03,1.000e-06,1.000e-06,nan,nan,3.000e-01,1.000e-01,5.000e-01,5.000e-01,-,6.472e-03,1.002e+03,2.151e-02,1.037e-01,1.667e+00,5.197e+04,2.193e-03,6.240e-02,6.750e-01,2.696e-02
run_226.nc,Rastello,LEGI,run_226.nc,PMMA,Rastello -- run_33.nc,LEGI,1.316e-02,2.500e-04,1.190e+03,nan,1.910e+01,1.000e+03,1.000e+03,1.000e-06,1.000e-06,nan,nan,3.000e-01,1.000e-01,5.000e-01,5.000e-01,-,6.472e-03,1.002e+03,2.452e-02,1.107e-01,1.667e+00,5.551e+04,2.500e-03,5.844e-02,6.590e-01,2.164e-02
run_227.nc,Rastello,LEGI,run_227.nc,PMMA,Rastello -- run_34.nc,LEGI,1.609e-02,2.500e-04,1.190e+03,nan,1.410e+01,1.000e+03,1.000e+03,1.000e-06,1.000e-06,nan,nan,3.000e-01,1.000e-01,5.000e-01,5.000e-01,-,6.472e-03,1.003e+03,3.000e-02,1.225e-01,1.667e+00,6.142e+04,3.058e-03,5.284e-02,5.592e-01,1.825e-02
run_228.nc,Rastello,LEGI,run_228.nc,PMMA,Rastello -- run_35.nc,LEGI,1.544e-02,2.500e-04,1.190e+03,nan,9.100e+00,1.000e+03,1.000e+03,1.000e-06,1.000e-06,nan,nan,3.000e-01,1.000e-01,5.000e-01,5.000e-01,-,6.472e-03,1.003e+03,2.878e-02,1.199e-01,1.667e+00,6.015e+04,2.933e-03,5.395e-02,5.321e-01,1.915e-02
run_229.nc,Rastello,LEGI,run_229.nc,PMMA,Rastello -- run_36.nc,LEGI,1.708e-02,2.500e-04,1.190e+03,nan,4.100e+00,1.000e+03,1.000e+03,1.000e-06,1.000e-06,nan,nan,3.000e-01,1.000e-01,5.000e-01,5.000e-01,-,6.472e-03,1.003e+03,3.184e-02,1.262e-01,1.667e+00,6.329e+04,3.245e-03,5.130e-02,4.804e-01,1.784e-02
run_230.nc,Rastello,LEGI,run_230.nc,PMMA,Rastello -- run_37.nc,LEGI,1.544e-02,2.500e-04,1.190e+03,nan,0.000e+00,1.000e+03,1.000e+03,1.000e-06,1.000e-06,nan,nan,3.000e-01,1.000e-01,5.000e-01,5.000e-01,-,6.472e-03,1.003e+03,2.878e-02,1.199e-01,1.667e+00,6.015e+04,2.933e-03,5.395e-02,5.114e-01,2.873e-02
run_231.nc,Rastello,LEGI,run_231.nc,PMMA,Rastello -- run_38.nc,LEGI,nan,2.500e-04,1.190e+03,nan,4.540e+01,1.000e+03,1.000e+03,1.000e-06,1.000e-06,nan,nan,3.000e-01,1.000e-01,nan,5.000e-01,-,6.472e-03,nan,nan,nan,nan,nan,nan,nan,nan,nan
run_232.nc,Rastello,LEGI,run_232.nc,PMMA,Rastello -- run_39.nc,LEGI,1.708e-02,2.500e-04,1.190e+03,nan,0.000e+00,1.000e+03,1.000e+03,1.000e-06,1.000e-06,nan,nan,3.000e-01,1.000e-01,5.000e-01,5.000e-01,-,6.472e-03,1.003e+03,3.184e-02,1.262e-01,1.667e+00,6.329e+04,3.245e-03,5.130e-02,4.088e-01,1.632e-02
run_233.nc,Rastello,LEGI,run_233.nc,PMMA,Rastello -- run_4.nc,LEGI,4.698e-01,2.500e-04,1.190e+03,nan,4.540e+01,1.000e+03,1.000e+03,1.000e-06,1.000e-06,nan,nan,3.000e-01,1.000e-01,1.754e-01,5.000e-01,-,6.472e-03,1.089e+03,8.757e-01,3.920e-01,5.848e-01,7.491e+04,8.927e-02,1.651e-02,2.840e-01,-3.720e-03
run_234.nc,Rastello,LEGI,run_234.nc,PMMA,Rastello -- run_40.nc,LEGI,1.219e-02,2.500e-04,1.190e+03,nan,2.000e+01,1.000e+03,1.000e+03,1.000e-06,1.000e-06,nan,nan,3.000e-01,1.000e-01,5.000e-01,5.000e-01,-,6.472e-03,1.002e+03,2.271e-02,1.066e-01,1.667e+00,5.341e+04,2.315e-03,6.073e-02,6.490e-01,2.364e-02
run_235.nc,Rastello,LEGI,run_235.nc,PMMA,Rastello -- run_41.nc,LEGI,nan,2.500e-04,1.190e+03,nan,4.540e+01,1.000e+03,1.000e+03,1.000e-06,1.000e-06,nan,nan,3.000e-01,1.000e-01,nan,5.000e-01,-,6.472e-03,nan,nan,nan,nan,nan,nan,nan,nan,nan
run_236.nc,Rastello,LEGI,run_236.nc,PMMA,Rastello -- run_42.nc,LEGI,1.446e-02,2.500e-04,1.190e+03,nan,7.000e+00,1.000e+03,1.000e+03,1.000e-06,1.000e-06,nan,nan,3.000e-01,1.000e-01,5.000e-01,5.000e-01,-,6.472e-03,1.003e+03,2.695e-02,1.161e-01,1.667e+00,5.820e+04,2.747e-03,5.575e-02,5.083e-01,1.727e-02
run_237.nc,Rastello,LEGI,run_237.nc,PMMA,Rastello -- run_43.nc,LEGI,nan,2.500e-04,1.190e+03,nan,3.910e+01,1.000e+03,1.000e+03,1.000e-06,1.000e-06,nan,nan,3.000e-01,1.000e-01,nan,5.000e-01,-,6.472e-03,nan,nan,nan,nan,nan,nan,nan,nan,nan
run_238.nc,Rastello,LEGI,run_238.nc,PMMA,Rastello -- run_44.nc,LEGI,1.348e-02,2.500e-04,1.190e+03,nan,1.360e+01,1.000e+03,1.000e+03,1.000e-06,1.000e-06,nan,nan,3.000e-01,1.000e-01,5.000e-01,5.000e-01,-,6.472e-03,1.003e+03,2.513e-02,1.121e-01,1.667e+00,5.619e+04,2.562e-03,5.774e-02,5.495e-01,1.672e-02
run_239.nc,Rastello,LEGI,run_239.nc,PMMA,Rastello -- run_45.nc,LEGI,nan,2.500e-04,1.190e+03,nan,4.040e+01,1.000e+03,1.000e+03,1.000e-06,1.000e-06,nan,nan,3.000e-01,1.000e-01,nan,5.000e-01,-,6.472e-03,nan,nan,nan,nan,nan,nan,nan,nan,nan
run_240.nc,Rastello,LEGI,run_240.nc,PMMA,Rastello -- run_46.nc,LEGI,1.283e-02,2.500e-04,1.190e+03,nan,9.000e+00,1.000e+03,1.000e+03,1.000e-06,1.000e-06,nan,nan,3.000e-01,1.000e-01,5.000e-01,5.000e-01,-,6.472e-03,1.002e+03,2.392e-02,1.094e-01,1.667e+00,5.481e+04,2.438e-03,5.918e-02,4.979e-01,1.864e-02
run_241.nc,Rastello,LEGI,run_241.nc,PMMA,Rastello -- run_47.nc,LEGI,nan,2.500e-04,1.190e+03,nan,4.440e+01,1.000e+03,1.000e+03,1.000e-06,1.000e-06,nan,nan,3.000e-01,1.000e-01,nan,5.000e-01,-,6.472e-03,nan,nan,nan,nan,nan,nan,nan,nan,nan
run_242.nc,Rastello,LEGI,run_242.nc,PMMA,Rastello -- run_48.nc,LEGI,1.219e-02,2.500e-04,1.190e+03,nan,5.000e+00,1.000e+03,1.000e+03,1.000e-06,1.000e-06,nan,nan,3.000e-01,1.000e-01,5.000e-01,5.000e-01,-,6.472e-03,1.002e+03,2.271e-02,1.066e-01,1.667e+00,5.341e+04,2.315e-03,6.073e-02,4.978e-01,2.444e-02
run_243.nc,Rastello,LEGI,run_243.nc,PMMA,Rastello -- run_49.nc,LEGI,nan,2.500e-04,1.190e+03,nan,4.540e+01,1.000e+03,1.000e+03,1.000e-06,1.000e-06,nan,nan,3.000e-01,1.000e-01,nan,5.000e-01,-,6.472e-03,nan,nan,nan,nan,nan,nan,nan,nan,nan
run_244.nc,Rastello,LEGI,run_244.nc,PMMA,Rastello -- run_5.nc,LEGI,4.655e-01,2.500e-04,1.190e+03,nan,4.540e+01,1.000e+03,1.000e+03,1.000e-06,1.000e-06,nan,nan,3.000e-01,1.000e-01,1.721e-01,5.000e-01,-,6.472e-03,1.088e+03,8.677e-01,3.864e-01,5.737e-01,7.239e+04,8.845e-02,1.675e-02,3.886e-01,3.054e-03
run_245.nc,Rastello,LEGI,run_245.nc,PMMA,Rastello -- run_50.nc,LEGI,1.219e-02,2.500e-04,1.190e+03,nan,0.000e+00,1.000e+03,1.000e+03,1.000e-06,1.000e-06,nan,nan,3.000e-01,1.000e-01,5.000e-01,5.000e-01,-,6.472e-03,1.002e+03,2.271e-02,1.066e-01,1.667e+00,5.341e+04,2.315e-03,6.073e-02,4.668e-01,2.951e-02
run_246.nc,Rastello,LEGI,run_246.nc,PMMA,Rastello -- run_51.nc,LEGI,nan,2.500e-04,1.190e+03,nan,4.540e+01,1.000e+03,1.000e+03,1.000e-06,1.000e-06,nan,nan,3.000e-01,1.000e-01,nan,5.000e-01,-,6.472e-03,nan,nan,nan,nan,nan,nan,nan,nan,nan
run_247.nc,Rastello,LEGI,run_247.nc,Hydrogels,Rastello -- run_52.nc,LEGI,0.000e+00,1.050e-02,1.003e+03,nan,4.540e+01,1.000e+03,1.000e+03,1.000e-06,1.000e-06,nan,nan,1.000e-01,1.000e-01,1.754e-01,5.000e-01,-,1.803e-01,1.000e+03,0.000e+00,0.000e+00,1.754e+00,0.000e+00,0.000e+00,inf,nan,nan
run_248.nc,Rastello,LEGI,run_248.nc,Hydrogels,Rastello -- run_53.nc,LEGI,9.500e-01,3.200e-03,1.005e+03,nan,4.540e+01,1.000e+03,1.000e+03,1.000e-06,1.000e-06,nan,nan,1.000e-01,1.000e-01,1.254e-01,5.000e-01,-,2.790e-02,1.005e+03,4.660e-02,7.643e-02,1.254e+00,9.626e+03,4.750e-03,3.651e-01,8.514e-01,4.438e-04
run_249.nc,Rastello,LEGI,run_249.nc,Hydrogels,Rastello -- run_54.nc,LEGI,1.344e-01,1.050e-02,1.003e+03,nan,3.000e+01,1.000e+03,1.000e+03,1.000e-06,1.000e-06,nan,nan,1.000e-01,1.000e-01,5.000e-01,5.000e-01,-,1.803e-01,1.000e+03,3.955e-03,4.447e-02,5.000e+00,2.224e+04,4.032e-04,4.053e+00,8.090e-01,-2.493e-03
run_250.nc,Rastello,LEGI,run_250.nc,Hydrogels,Rastello -- run_55.nc,LEGI,1.425e-01,3.200e-03,1.005e+03,nan,3.000e+01,1.000e+03,1.000e+03,1.000e-06,1.000e-06,nan,nan,1.000e-01,1.000e-01,5.000e-01,5.000e-01,-,2.790e-02,1.001e+03,6.990e-03,5.912e-02,5.000e+00,2.958e+04,7.125e-04,4.720e-01,5.700e-01,-1.999e-03
run_251.nc,Rastello,LEGI,run_251.nc,Hydrogels,Rastello -- run_56.nc,LEGI,0.000e+00,1.050e-02,1.003e+03,nan,4.540e+01,1.000e+03,1.000e+03,1.000e-06,1.000e-06,nan,nan,1.000e-01,1.000e-01,1.704e-01,5.000e-01,-,1.803e-01,1.000e+03,0.000e+00,0.000e+00,1.704e+00,0.000e+00,0.000e+00,inf,nan,nan
run_252.nc,Rastello,LEGI,run_252.nc,Hydrogels,Rastello -- run_57.nc,LEGI,1.520e-01,3.200e-03,1.005e+03,nan,4.540e+01,1.000e+03,1.000e+03,1.000e-06,1.000e-06,nan,nan,1.000e-01,1.000e-01,5.000e-01,5.000e-01,-,2.790e-02,1.001e+03,7.456e-03,6.106e-02,5.000e+00,3.055e+04,7.600e-04,4.570e-01,5.595e-01,-3.636e-03
run_253.nc,Rastello,LEGI,run_253.nc,Hydrogels,Rastello -- run_58.nc,LEGI,0.000e+00,1.050e-02,1.003e+03,nan,4.540e+01,1.000e+03,1.000e+03,1.000e-06,1.000e-06,nan,nan,1.000e-01,1.000e-01,2.104e-01,5.000e-01,-,1.803e-01,1.000e+03,0.000e+00,0.000e+00,2.104e+00,0.000e+00,0.000e+00,inf,nan,nan
run_254.nc,Rastello,LEGI,run_254.nc,Hydrogels,Rastello -- run_59.nc,LEGI,9.500e-01,3.200e-03,1.005e+03,nan,4.540e+01,1.000e+03,1.000e+03,1.000e-06,1.000e-06,nan,nan,1.000e-01,1.000e-01,1.704e-01,5.000e-01,-,2.790e-02,1.005e+03,4.660e-02,8.909e-02,1.704e+00,1.525e+04,4.750e-03,3.132e-01,3.695e-01,-7.517e-03
run_255.nc,Rastello,LEGI,run_255.nc,PMMA,Rastello -- run_6.nc,LEGI,1.708e-02,2.500e-04,1.190e+03,nan,4.540e+01,1.000e+03,1.000e+03,1.000e-06,1.000e-06,nan,nan,3.000e-01,1.000e-01,5.000e-01,5.000e-01,-,6.472e-03,1.003e+03,3.184e-02,1.262e-01,1.667e+00,6.329e+04,3.245e-03,5.130e-02,9.228e-01,-1.083e-02
run_256.nc,Rastello,LEGI,run_256.nc,Hydrogels,Rastello -- run_60.nc,LEGI,0.000e+00,8.100e-03,1.006e+03,nan,4.540e+01,1.000e+03,1.000e+03,1.000e-06,1.000e-06,nan,nan,1.000e-01,1.000e-01,1.504e-01,5.000e-01,-,2.145e-01,1.000e+03,0.000e+00,0.000e+00,1.504e+00,0.000e+00,0.000e+00,inf,nan,nan
run_257.nc,Rastello,LEGI,run_257.nc,Hydrogels,Rastello -- run_61.nc,LEGI,9.500e-01,3.200e-03,1.005e+03,nan,4.540e+01,1.000e+03,1.000e+03,1.000e-06,1.000e-06,nan,nan,1.000e-01,1.000e-01,1.704e-01,5.000e-01,-,2.790e-02,1.005e+03,4.660e-02,8.909e-02,1.704e+00,1.525e+04,4.750e-03,3.132e-01,4.219e-01,-7.708e-03
run_258.nc,Rastello,LEGI,run_258.nc,Hydrogels,Rastello -- run_62.nc,LEGI,0.000e+00,8.100e-03,1.045e+03,nan,4.540e+01,1.000e+03,1.000e+03,1.000e-06,1.000e-06,nan,nan,1.000e-01,1.000e-01,1.004e-01,5.000e-01,-,1.609e+00,1.000e+03,0.000e+00,0.000e+00,1.004e+00,0.000e+00,0.000e+00,inf,nan,nan
run_259.nc,Rastello,LEGI,run_259.nc,Hydrogels,Rastello -- run_63.nc,LEGI,9.500e-01,3.200e-03,1.005e+03,nan,4.540e+01,1.000e+03,1.000e+03,1.000e-06,1.000e-06,nan,nan,1.000e-01,1.000e-01,1.454e-01,5.000e-01,-,2.790e-02,1.005e+03,4.660e-02,8.230e-02,1.454e+00,1.202e+04,4.750e-03,3.391e-01,4.254e-01,-7.613e-03
run_260.nc,Rastello,LEGI,run_260.nc,Hydrogels,Rastello -- run_64.nc,LEGI,0.000e+00,8.100e-03,1.045e+03,nan,4.540e+01,1.000e+03,1.000e+03,1.000e-06,1.000e-06,nan,nan,1.000e-01,1.000e-01,7.235e-02,5.000e-01,-,1.609e+00,1.000e+03,0.000e+00,0.000e+00,7.235e-01,0.000e+00,0.000e+00,inf,nan,nan
run_261.nc,Rastello,LEGI,run_261.nc,Hydrogels,Rastello -- run_65.nc,LEGI,9.500e-01,3.200e-03,1.005e+03,nan,4.540e+01,1.000e+03,1.000e+03,1.000e-06,1.000e-06,nan,nan,1.000e-01,1.000e-01,1.254e-01,5.000e-01,-,2.790e-02,1.005e+03,4.660e-02,7.643e-02,1.254e+00,9.626e+03,4.750e-03,3.651e-01,5.185e-01,-5.203e-03
run_262.nc,Rastello,LEGI,run_262.nc,Hydrogels,Rastello -- run_66.nc,LEGI,0.000e+00,8.100e-03,1.045e+03,nan,4.540e+01,1.000e+03,1.000e+03,1.000e-06,1.000e-06,nan,nan,1.000e-01,1.000e-01,7.035e-02,5.000e-01,-,1.609e+00,1.000e+03,0.000e+00,0.000e+00,7.035e-01,0.000e+00,0.000e+00,inf,nan,nan
run_263.nc,Rastello,LEGI,run_263.nc,Hydrogels,Rastello -- run_67.nc,LEGI,9.500e-01,3.200e-03,1.005e+03,nan,4.540e+01,1.000e+03,1.000e+03,1.000e-06,1.000e-06,nan,nan,1.000e-01,1.000e-01,1.254e-01,5.000e-01,-,2.790e-02,1.005e+03,4.660e-02,7.643e-02,1.254e+00,9.626e+03,4.750e-03,3.651e-01,7.042e-01,6.194e-03
run_264.nc,Rastello,LEGI,run_264.nc,Hydrogels,Rastello -- run_68.nc,LEGI,0.000e+00,8.100e-03,1.045e+03,nan,4.540e+01,1.000e+03,1.000e+03,1.000e-06,1.000e-06,nan,nan,1.000e-01,1.000e-01,6.035e-02,5.000e-01,-,1.609e+00,1.000e+03,0.000e+00,0.000e+00,6.035e-01,0.000e+00,0.000e+00,inf,nan,nan
run_265.nc,Rastello,LEGI,run_265.nc,Hydrogels,Rastello -- run_69.nc,LEGI,9.500e-01,3.200e-03,1.005e+03,nan,4.540e+01,1.000e+03,1.000e+03,1.000e-06,1.000e-06,nan,nan,1.000e-01,1.000e-01,1.154e-01,5.000e-01,-,2.790e-02,1.005e+03,4.660e-02,7.331e-02,1.154e+00,8.497e+03,4.750e-03,3.806e-01,6.283e-01,-2.395e-03
run_266.nc,Rastello,LEGI,run_266.nc,PMMA,Rastello -- run_7.nc,LEGI,1.708e-02,2.500e-04,1.190e+03,nan,4.540e+01,1.000e+03,1.000e+03,1.000e-06,1.000e-06,nan,nan,3.000e-01,1.000e-01,5.000e-01,5.000e-01,-,6.472e-03,1.003e+03,3.184e-02,1.262e-01,1.667e+00,6.329e+04,3.245e-03,5.130e-02,1.003e+00,-5.588e-03
run_267.nc,Rastello,LEGI,run_267.nc,Hydrogels,Rastello -- run_70.nc,LEGI,0.000e+00,8.100e-03,1.045e+03,nan,4.540e+01,1.000e+03,1.000e+03,1.000e-06,1.000e-06,nan,nan,1.000e-01,1.000e-01,7.235e-02,5.000e-01,-,1.609e+00,1.000e+03,0.000e+00,0.000e+00,7.235e-01,0.000e+00,0.000e+00,inf,nan,nan
run_268.nc,Rastello,LEGI,run_268.nc,Hydrogels,Rastello -- run_71.nc,LEGI,9.500e-01,3.200e-03,1.005e+03,nan,4.540e+01,1.000e+03,1.000e+03,1.000e-06,1.000e-06,nan,nan,1.000e-01,1.000e-01,1.104e-01,5.000e-01,-,2.790e-02,1.005e+03,4.660e-02,7.171e-02,1.104e+00,7.951e+03,4.750e-03,3.891e-01,7.234e-01,2.722e-03
run_269.nc,Rastello,LEGI,run_269.nc,Hydrogels,Rastello -- run_72.nc,LEGI,0.000e+00,8.100e-03,1.045e+03,nan,4.540e+01,1.000e+03,1.000e+03,1.000e-06,1.000e-06,nan,nan,1.000e-01,1.000e-01,6.035e-02,5.000e-01,-,1.609e+00,1.000e+03,0.000e+00,0.000e+00,6.035e-01,0.000e+00,0.000e+00,inf,nan,nan
run_270.nc,Rastello,LEGI,run_270.nc,Hydrogels,Rastello -- run_73.nc,LEGI,0.000e+00,8.100e-03,1.045e+03,nan,4.540e+01,1.000e+03,1.000e+03,1.000e-06,1.000e-06,nan,nan,1.000e-01,1.000e-01,6.335e-02,5.000e-01,-,1.609e+00,1.000e+03,0.000e+00,0.000e+00,6.335e-01,0.000e+00,0.000e+00,inf,nan,nan
run_271.nc,Rastello,LEGI,run_271.nc,Hydrogels,Rastello -- run_74.nc,LEGI,9.500e-01,3.200e-03,1.005e+03,nan,4.540e+01,1.000e+03,1.000e+03,1.000e-06,1.000e-06,nan,nan,1.000e-01,1.000e-01,9.535e-02,5.000e-01,-,2.790e-02,1.005e+03,4.660e-02,6.666e-02,9.535e-01,6.386e+03,4.750e-03,4.186e-01,6.436e-01,2.769e-03
run_272.nc,Rastello,LEGI,run_272.nc,Hydrogels,Rastello -- run_75.nc,LEGI,9.500e-01,3.200e-03,1.005e+03,nan,4.540e+01,1.000e+03,1.000e+03,1.000e-06,1.000e-06,nan,nan,1.000e-01,1.000e-01,7.035e-02,5.000e-01,-,2.790e-02,1.005e+03,4.660e-02,5.726e-02,7.035e-01,4.047e+03,4.750e-03,4.874e-01,5.693e-01,4.036e-03
run_273.nc,Rastello,LEGI,run_273.nc,Hydrogels,Rastello -- run_76.nc,LEGI,5.600e-01,1.320e-02,1.004e+03,nan,4.540e+01,1.000e+03,1.000e+03,1.000e-06,1.000e-06,nan,nan,1.000e-01,1.000e-01,1.104e-01,5.000e-01,-,3.798e-01,1.002e+03,2.197e-02,4.924e-02,1.104e+00,5.446e+03,2.240e-03,7.714e+00,8.146e-01,-3.465e-03
run_274.nc,Rastello,LEGI,run_274.nc,Hydrogels,Rastello -- run_77.nc,LEGI,5.600e-01,1.320e-02,1.004e+03,nan,4.540e+01,1.000e+03,1.000e+03,1.000e-06,1.000e-06,nan,nan,1.000e-01,1.000e-01,1.604e-01,5.000e-01,-,3.798e-01,1.002e+03,2.197e-02,5.936e-02,1.604e+00,9.540e+03,2.240e-03,6.399e+00,7.676e-01,-3.010e-03
run_275.nc,Rastello,LEGI,run_275.nc,Hydrogels,Rastello -- run_78.nc,LEGI,5.600e-01,1.320e-02,1.004e+03,nan,4.540e+01,1.000e+03,1.000e+03,1.000e-06,1.000e-06,nan,nan,1.000e-01,1.000e-01,2.104e-01,5.000e-01,-,3.798e-01,1.002e+03,2.197e-02,6.799e-02,2.104e+00,1.433e+04,2.240e-03,5.587e+00,6.058e-01,-3.620e-03
run_276.nc,Rastello,LEGI,run_276.nc,Hydrogels,Rastello -- run_79.nc,LEGI,5.600e-01,1.320e-02,1.004e+03,nan,4.540e+01,1.000e+03,1.000e+03,1.000e-06,1.000e-06,nan,nan,1.000e-01,1.000e-01,2.504e-01,5.000e-01,-,3.798e-01,1.002e+03,2.197e-02,7.417e-02,2.504e+00,1.861e+04,2.240e-03,5.121e+00,5.931e-01,-3.722e-03
run_277.nc,Rastello,LEGI,run_277.nc,PMMA,Rastello -- run_8.nc,LEGI,2.139e-02,2.500e-04,1.190e+03,nan,4.540e+01,1.000e+03,1.000e+03,1.000e-06,1.000e-06,nan,nan,3.000e-01,1.000e-01,5.000e-01,5.000e-01,-,6.472e-03,1.004e+03,3.986e-02,1.412e-01,1.667e+00,7.088e+04,4.064e-03,4.584e-02,1.113e+00,4.789e-02
run_278.nc,Rastello,LEGI,run_278.nc,Hydrogels,Rastello -- run_80.nc,LEGI,5.600e-01,1.630e-02,1.005e+03,nan,4.540e+01,1.000e+03,1.000e+03,1.000e-06,1.000e-06,nan,nan,1.000e-01,1.000e-01,1.054e-01,5.000e-01,-,7.240e-01,1.003e+03,2.747e-02,5.379e-02,1.054e+00,5.683e+03,2.800e-03,1.346e+01,7.364e-01,-2.660e-03
run_279.nc,Rastello,LEGI,run_279.nc,Hydrogels,Rastello -- run_81.nc,LEGI,5.600e-01,1.630e-02,1.005e+03,nan,4.540e+01,1.000e+03,1.000e+03,1.000e-06,1.000e-06,nan,nan,1.000e-01,1.000e-01,1.504e-01,5.000e-01,-,7.240e-01,1.003e+03,2.747e-02,6.426e-02,1.504e+00,9.689e+03,2.800e-03,1.127e+01,8.793e-01,2.089e-03
run_280.nc,Rastello,LEGI,run_280.nc,Hydrogels,Rastello -- run_82.nc,LEGI,5.600e-01,1.320e-02,1.004e+03,nan,4.540e+01,1.000e+03,1.000e+03,1.000e-06,1.000e-06,nan,nan,1.000e-01,1.000e-01,4.004e-01,5.000e-01,-,3.798e-01,1.002e+03,2.197e-02,9.379e-02,4.004e+00,3.763e+04,2.240e-03,4.050e+00,5.046e-01,-2.137e-03
run_281.nc,Rastello,LEGI,run_281.nc,Hydrogels,Rastello -- run_83.nc,LEGI,5.600e-01,1.320e-02,1.004e+03,nan,4.540e+01,1.000e+03,1.000e+03,1.000e-06,1.000e-06,nan,nan,1.000e-01,1.000e-01,8.035e-02,5.000e-01,-,3.798e-01,1.002e+03,2.197e-02,4.202e-02,8.035e-01,3.384e+03,2.240e-03,9.040e+00,9.463e-01,-3.483e-04
run_282.nc,Rastello,LEGI,run_282.nc,Hydrogels,Rastello -- run_84.nc,LEGI,5.600e-01,1.320e-02,1.004e+03,nan,4.540e+01,1.000e+03,1.000e+03,1.000e-06,1.000e-06,nan,nan,1.000e-01,1.000e-01,1.054e-01,5.000e-01,-,3.798e-01,1.002e+03,2.197e-02,4.811e-02,1.054e+00,5.080e+03,2.240e-03,7.895e+00,9.876e-01,-2.573e-03
run_283.nc,Rastello,LEGI,run_283.nc,Hydrogels,Rastello -- run_85.nc,LEGI,5.600e-01,1.320e-02,1.004e+03,nan,4.540e+01,1.000e+03,1.000e+03,1.000e-06,1.000e-06,nan,nan,1.000e-01,1.000e-01,1.379e-01,5.000e-01,-,3.798e-01,1.002e+03,2.197e-02,5.504e-02,1.379e+00,7.604e+03,2.240e-03,6.901e+00,9.217e-01,-8.127e-03
run_284.nc,Rastello,LEGI,run_284.nc,Hydrogels,Rastello -- run_86.nc,LEGI,5.600e-01,1.320e-02,1.004e+03,nan,4.540e+01,1.000e+03,1.000e+03,1.000e-06,1.000e-06,nan,nan,1.000e-01,1.000e-01,1.604e-01,5.000e-01,-,3.798e-01,1.002e+03,2.197e-02,5.936e-02,1.604e+00,9.540e+03,2.240e-03,6.399e+00,8.615e-01,-4.262e-03
run_285.nc,Rastello,LEGI,run_285.nc,Hydrogels,Rastello -- run_87.nc,LEGI,5.600e-01,1.320e-02,1.004e+03,nan,4.540e+01,1.000e+03,1.000e+03,1.000e-06,1.000e-06,nan,nan,1.000e-01,1.000e-01,1.804e-01,5.000e-01,-,3.798e-01,1.002e+03,2.197e-02,6.295e-02,1.804e+00,1.138e+04,2.240e-03,6.034e+00,1.087e+00,-9.881e-04
run_286.nc,Rastello,LEGI,run_286.nc,Hydrogels,Rastello -- run_88.nc,LEGI,5.600e-01,1.320e-02,1.004e+03,nan,4.540e+01,1.000e+03,1.000e+03,1.000e-06,1.000e-06,nan,nan,1.000e-01,1.000e-01,2.704e-01,5.000e-01,-,3.798e-01,1.002e+03,2.197e-02,7.708e-02,2.704e+00,2.088e+04,2.240e-03,4.928e+00,5.945e-01,-4.996e-03
run_287.nc,Rastello,LEGI,run_287.nc,PMMA,Rastello -- run_9.nc,LEGI,2.139e-02,2.500e-04,1.190e+03,nan,4.540e+01,1.000e+03,1.000e+03,1.000e-06,1.000e-06,nan,nan,3.000e-01,1.000e-01,5.000e-01,5.000e-01,-,6.472e-03,1.004e+03,3.986e-02,1.412e-01,1.667e+00,7.088e+04,4.064e-03,4.584e-02,1.056e+00,2.450e-02
